Institution,Fiscal Year,Study Level,Program Name,HEADCOUNT
Metropolitan,2012-2013,Undergraduate,Aerospace Engineering,*
Metropolitan,2012-2013,Undergraduate,Architectural Science,309
Metropolitan,2012-2013,Undergraduate,Arts Undeclared,*
Metropolitan,2012-2013,Undergraduate,Arts and Contemporary Studies,461
Metropolitan,2012-2013,Undergraduate,BT Knowledge & Data Mgt. CTPT,0
Metropolitan,2012-2013,Undergraduate,Bachelor of Arts,1951
Metropolitan,2012-2013,Undergraduate,Bachelor of Engineering,2342
Metropolitan,2012-2013,Undergraduate,Bachelor of Science,792
Metropolitan,2012-2013,Undergraduate,Biology,*
Metropolitan,2012-2013,Undergraduate,Bus. Mgt. Part-Time,*
Metropolitan,2012-2013,Undergraduate,BusTech Applications Dev. CAAT,*
Metropolitan,2012-2013,Undergraduate,Business Management,4947
Metropolitan,2012-2013,Undergraduate,Business Tech Mgt CAAT,25
Metropolitan,2012-2013,Undergraduate,Business Tech. Mgt. PT,23
Metropolitan,2012-2013,Undergraduate,Business Technology Mgt.,797
Metropolitan,2012-2013,Undergraduate,BusinessTech Mgt CAAT PT,*
Metropolitan,2012-2013,Undergraduate,Chemical Engineering Coop,*
Metropolitan,2012-2013,Undergraduate,Chemistry,*
Metropolitan,2012-2013,Undergraduate,Child and Youth Care,258
Metropolitan,2012-2013,Undergraduate,Civil Engineering,*
Metropolitan,2012-2013,Undergraduate,Coll. Nursing Centennial,388
Metropolitan,2012-2013,Undergraduate,Coll. Nursing George Brown,419
Metropolitan,2012-2013,Undergraduate,Collaborative Nursing Ryerson,554
Metropolitan,2012-2013,Undergraduate,Computer Engineering,*
Metropolitan,2012-2013,Undergraduate,Computer Science,430
Metropolitan,2012-2013,Undergraduate,Contemporary Science,*
Metropolitan,2012-2013,Undergraduate,Criminal Justice,*
Metropolitan,2012-2013,Undergraduate,Disability Studies Part-time,*
Metropolitan,2012-2013,Undergraduate,Early Childhood Ed CTPT,0
Metropolitan,2012-2013,Undergraduate,Early Childhood Education,0
Metropolitan,2012-2013,Undergraduate,Early Childhood Studies,586
Metropolitan,2012-2013,Undergraduate,Early Childhood Studies CTPT,*
Metropolitan,2012-2013,Undergraduate,Electrical Engineering,*
Metropolitan,2012-2013,Undergraduate,Fashion Communication,281
Metropolitan,2012-2013,Undergraduate,Fashion Design,221
Metropolitan,2012-2013,Undergraduate,Geographic Analysis,94
Metropolitan,2012-2013,Undergraduate,Graphic Communications Mgt.,419
Metropolitan,2012-2013,Undergraduate,Health Services Management PT,*
Metropolitan,2012-2013,Undergraduate,Hospitality & Tourism Mgt.,477
Metropolitan,2012-2013,Undergraduate,Image Arts-Film Studies,276
Metropolitan,2012-2013,Undergraduate,Image Arts-New Media,217
Metropolitan,2012-2013,Undergraduate,Image Arts-Photography Studies,220
Metropolitan,2012-2013,Undergraduate,Interior Design,286
Metropolitan,2012-2013,Undergraduate,Intern'l Economics & Finance,187
Metropolitan,2012-2013,Undergraduate,Journalism,524
Metropolitan,2012-2013,Undergraduate,Justice Studies Part-time,*
Metropolitan,2012-2013,Undergraduate,Mechanical Engineering,*
Metropolitan,2012-2013,Undergraduate,Medical Physics,0
Metropolitan,2012-2013,Undergraduate,Midwifery,62
Metropolitan,2012-2013,Undergraduate,Midwifery Part-time,11
Metropolitan,2012-2013,Undergraduate,Nursing Deg Completion PT,78
Metropolitan,2012-2013,Undergraduate,Nursing Degree Completion,109
Metropolitan,2012-2013,Undergraduate,Nutrition and Food,228
Metropolitan,2012-2013,Undergraduate,Occ & Pub Hlth for Grads - OHS,19
Metropolitan,2012-2013,Undergraduate,Occ & Pub Hlth for Grads - PHS,55
Metropolitan,2012-2013,Undergraduate,Occ & Public Health-OHS,106
Metropolitan,2012-2013,Undergraduate,Occ. & Public Health-PHS,187
Metropolitan,2012-2013,Undergraduate,Performance Acting,86
Metropolitan,2012-2013,Undergraduate,Performance Dance,115
Metropolitan,2012-2013,Undergraduate,Performance Production,226
Metropolitan,2012-2013,Undergraduate,Politics and Governance,*
Metropolitan,2012-2013,Undergraduate,Post Baccalaureate Midwifery,*
Metropolitan,2012-2013,Undergraduate,Psychology,*
Metropolitan,2012-2013,Undergraduate,Public Admin and Governance,*
Metropolitan,2012-2013,Undergraduate,Radio and Television,564
Metropolitan,2012-2013,Undergraduate,Retail Management,317
Metropolitan,2012-2013,Undergraduate,Retail Management Part-time,*
Metropolitan,2012-2013,Undergraduate,Social Work,565
Metropolitan,2012-2013,Undergraduate,Social Work Part-time,58
Metropolitan,2012-2013,Undergraduate,Sociology,*
Metropolitan,2012-2013,Undergraduate,Urban & Regional Plan DC,*
Metropolitan,2012-2013,Undergraduate,Urban & Regional Plan PB,31
Metropolitan,2012-2013,Undergraduate,Urban & Regional Planning,328
Metropolitan,2012-2013,Graduate,Envir. App.Sci.& Mgt.,50
Metropolitan,2012-2013,Graduate,MA Communication & Culture,27
Metropolitan,2012-2013,Graduate,MA Early Childhood Studies,23
Metropolitan,2012-2013,Graduate,MA Fashion,32
Metropolitan,2012-2013,Graduate,MA Immigration & Settlement,35
Metropolitan,2012-2013,Graduate,MA Int'l Economics & Finance,25
Metropolitan,2012-2013,Graduate,MA Literatures of Modernity,23
Metropolitan,2012-2013,Graduate,MA Media Production,25
Metropolitan,2012-2013,Graduate,MA Philosophy,29
Metropolitan,2012-2013,Graduate,MA Photo Pres and Coll. Mgt,44
Metropolitan,2012-2013,Graduate,MA Psychology,31
Metropolitan,2012-2013,Graduate,MA Public Policy & Admin,35
Metropolitan,2012-2013,Graduate,MASC Aerospace Engineering,20
Metropolitan,2012-2013,Graduate,MASc Building Science,19
Metropolitan,2012-2013,Graduate,MASc Chemical Engineering,10
Metropolitan,2012-2013,Graduate,MASc Civil Engineering,26
Metropolitan,2012-2013,Graduate,MASc Computer Networks,*
Metropolitan,2012-2013,Graduate,MASc Electrical & Computer Eng,43
Metropolitan,2012-2013,Graduate,MASc Mech and Industrial Engr,33
Metropolitan,2012-2013,Graduate,MBA Business Administration,61
Metropolitan,2012-2013,Graduate,MBA Business Administration PT,56
Metropolitan,2012-2013,Graduate,MBA Mgmt Technol and Innov PT,39
Metropolitan,2012-2013,Graduate,MBA Mgmt of Technol and Innov,22
Metropolitan,2012-2013,Graduate,MBSc Building Science,14
Metropolitan,2012-2013,Graduate,MENG Aerospace Engineering,29
Metropolitan,2012-2013,Graduate,MEng Chemical Engineering,11
Metropolitan,2012-2013,Graduate,MEng Civil Engineering,47
Metropolitan,2012-2013,Graduate,MEng Computer Networks,62
Metropolitan,2012-2013,Graduate,MEng Computer Networks PT,23
Metropolitan,2012-2013,Graduate,MEng Elec. & Computer Eng,56
Metropolitan,2012-2013,Graduate,MEng Mech and Industrial Engr,43
Metropolitan,2012-2013,Graduate,MFA Documentary Media,55
Metropolitan,2012-2013,Graduate,MHSc Nutrition Communication,16
Metropolitan,2012-2013,Graduate,MMSc Mgmt Technol and Innov PT,*
Metropolitan,2012-2013,Graduate,MMSc Mgmt of Technol and Innov,10
Metropolitan,2012-2013,Graduate,MN Nursing Full-Time,52
Metropolitan,2012-2013,Graduate,MN Nursing Part-Time,15
Metropolitan,2012-2013,Graduate,MPC Prof Communication,21
Metropolitan,2012-2013,Graduate,MPL Urban Development,64
Metropolitan,2012-2013,Graduate,MSA Spatial Analysis,20
Metropolitan,2012-2013,Graduate,MSc Applied Mathematics,24
Metropolitan,2012-2013,Graduate,MSc Biomedical Physics,29
Metropolitan,2012-2013,Graduate,MSc Molecular Science,34
Metropolitan,2012-2013,Graduate,Master of Architecture,62
Metropolitan,2012-2013,Graduate,Master of Journalism,53
Metropolitan,2012-2013,Graduate,Master of Science Computer Sci,57
Metropolitan,2012-2013,Graduate,Master of Social Work,40
Metropolitan,2012-2013,Graduate,PhD  Economics,10
Metropolitan,2012-2013,Graduate,PhD - Computer Science,12
Metropolitan,2012-2013,Graduate,PhD Aerospace Engineering,27
Metropolitan,2012-2013,Graduate,PhD Chemical Engineering,17
Metropolitan,2012-2013,Graduate,PhD Civil Engineering,37
Metropolitan,2012-2013,Graduate,PhD Communication & Culture,36
Metropolitan,2012-2013,Graduate,PhD Elec & Computer Eng,73
Metropolitan,2012-2013,Graduate,PhD Mech and Industrial Engr,81
Metropolitan,2012-2013,Graduate,PhD Molecular Science,*
Metropolitan,2012-2013,Graduate,PhD Policy Studies,32
Metropolitan,2012-2013,Graduate,PhD Psychology,65
Metropolitan,2012-2013,Graduate,Phd Biomedical Physics,11
Metropolitan,2012-2013,Graduate,Phd Envir.App.Sci and Mgt,21
Metropolitan,2012-2013,Graduate,Phd Physics,0
Metropolitan,2012-2013,Graduate,Primary Hlth Care Nurs Prac,*
Metropolitan,2013-2014,Undergraduate,Accounting and Finance,282
Metropolitan,2013-2014,Undergraduate,Aerospace Engineering,0
Metropolitan,2013-2014,Undergraduate,Architectural Science,330
Metropolitan,2013-2014,Undergraduate,Arts Undeclared,0
Metropolitan,2013-2014,Undergraduate,Arts and Contemporary Studies,437
Metropolitan,2013-2014,Undergraduate,Bachelor of Arts,2246
Metropolitan,2013-2014,Undergraduate,Bachelor of Engineering,2461
Metropolitan,2013-2014,Undergraduate,Bachelor of Science,764
Metropolitan,2013-2014,Undergraduate,Biology,*
Metropolitan,2013-2014,Undergraduate,Biomedical Sciences,127
Metropolitan,2013-2014,Undergraduate,Bus. Mgt. Part-Time,*
Metropolitan,2013-2014,Undergraduate,Business Management,4972
Metropolitan,2013-2014,Undergraduate,Business Tech Mgt CAAT,11
Metropolitan,2013-2014,Undergraduate,Business Tech. Mgt. PT,32
Metropolitan,2013-2014,Undergraduate,Business Technology Mgt.,888
Metropolitan,2013-2014,Undergraduate,BusinessTech Mgt CAAT PT,0
Metropolitan,2013-2014,Undergraduate,Chemical Engineering Coop,*
Metropolitan,2013-2014,Undergraduate,Child and Youth Care,292
Metropolitan,2013-2014,Undergraduate,Child and Youth Care PT,*
Metropolitan,2013-2014,Undergraduate,Coll. Nursing Centennial,408
Metropolitan,2013-2014,Undergraduate,Coll. Nursing George Brown,433
Metropolitan,2013-2014,Undergraduate,Collaborative Nursing Ryerson,439
Metropolitan,2013-2014,Undergraduate,Computer Science,554
Metropolitan,2013-2014,Undergraduate,Computer Science Part-Time,0
Metropolitan,2013-2014,Undergraduate,Contemporary Science,*
Metropolitan,2013-2014,Undergraduate,Creative Industries,172
Metropolitan,2013-2014,Undergraduate,Criminal Justice,*
Metropolitan,2013-2014,Undergraduate,Criminology,0
Metropolitan,2013-2014,Undergraduate,Disability Studies Part-time,*
Metropolitan,2013-2014,Undergraduate,Early Childhood Studies,598
Metropolitan,2013-2014,Undergraduate,Early Childhood Studies CTPT,*
Metropolitan,2013-2014,Undergraduate,Electrical Engineering,*
Metropolitan,2013-2014,Undergraduate,Fashion Communication,298
Metropolitan,2013-2014,Undergraduate,Fashion Design,223
Metropolitan,2013-2014,Undergraduate,Financial Mathematics,27
Metropolitan,2013-2014,Undergraduate,Geographic Analysis,50
Metropolitan,2013-2014,Undergraduate,Graphic Communications Mgt.,321
Metropolitan,2013-2014,Undergraduate,Health Services Management PT,*
Metropolitan,2013-2014,Undergraduate,Hospitality & Tourism Mgt.,530
Metropolitan,2013-2014,Undergraduate,Image Arts-Film Studies,310
Metropolitan,2013-2014,Undergraduate,Image Arts-New Media,143
Metropolitan,2013-2014,Undergraduate,Image Arts-Photography Studies,241
Metropolitan,2013-2014,Undergraduate,Interior Design,329
Metropolitan,2013-2014,Undergraduate,Intern'l Economics & Finance,212
Metropolitan,2013-2014,Undergraduate,Journalism,473
Metropolitan,2013-2014,Undergraduate,Justice Studies Part-time,0
Metropolitan,2013-2014,Undergraduate,Math and Its Applications,38
Metropolitan,2013-2014,Undergraduate,Media Production,582
Metropolitan,2013-2014,Undergraduate,Medical Physics,0
Metropolitan,2013-2014,Undergraduate,Midwifery,58
Metropolitan,2013-2014,Undergraduate,Midwifery Part-time,13
Metropolitan,2013-2014,Undergraduate,Nursing Deg Completion PT,65
Metropolitan,2013-2014,Undergraduate,Nursing Degree Completion,74
Metropolitan,2013-2014,Undergraduate,Nutrition and Food,241
Metropolitan,2013-2014,Undergraduate,Occ & Pub Hlth for Grads - OHS,26
Metropolitan,2013-2014,Undergraduate,Occ & Pub Hlth for Grads - PHS,61
Metropolitan,2013-2014,Undergraduate,Occ & Public Health-OHS,148
Metropolitan,2013-2014,Undergraduate,Occ. & Public Health-PHS,189
Metropolitan,2013-2014,Undergraduate,Performance Acting,92
Metropolitan,2013-2014,Undergraduate,Performance Dance,117
Metropolitan,2013-2014,Undergraduate,Performance Production,227
Metropolitan,2013-2014,Undergraduate,Politics and Governance,*
Metropolitan,2013-2014,Undergraduate,Post Baccalaureate Midwifery,*
Metropolitan,2013-2014,Undergraduate,Professional Communication,67
Metropolitan,2013-2014,Undergraduate,Psychology,*
Metropolitan,2013-2014,Undergraduate,Public Admin and Governance,11
Metropolitan,2013-2014,Undergraduate,RTA New Media,41
Metropolitan,2013-2014,Undergraduate,Radio and Television,0
Metropolitan,2013-2014,Undergraduate,Retail Management,341
Metropolitan,2013-2014,Undergraduate,Retail Management Part-time,*
Metropolitan,2013-2014,Undergraduate,Social Work,542
Metropolitan,2013-2014,Undergraduate,Social Work Part-time,74
Metropolitan,2013-2014,Undergraduate,Sociology,*
Metropolitan,2013-2014,Undergraduate,Urban & Regional Plan DC,*
Metropolitan,2013-2014,Undergraduate,Urban & Regional Plan PB,37
Metropolitan,2013-2014,Undergraduate,Urban & Regional Planning,321
Metropolitan,2013-2014,Graduate,Digital Media,20
Metropolitan,2013-2014,Graduate,Envir. App.Sci.& Mgt.,46
Metropolitan,2013-2014,Graduate,MA Communication & Culture,31
Metropolitan,2013-2014,Graduate,MA Early Childhood Studies,24
Metropolitan,2013-2014,Graduate,MA Fashion,27
Metropolitan,2013-2014,Graduate,MA Immigration & Settlement,35
Metropolitan,2013-2014,Graduate,MA Int'l Economics & Finance,29
Metropolitan,2013-2014,Graduate,MA Literatures of Modernity,23
Metropolitan,2013-2014,Graduate,MA Media Production,17
Metropolitan,2013-2014,Graduate,MA Philosophy,28
Metropolitan,2013-2014,Graduate,MA Photo Pres and Coll. Mgt,43
Metropolitan,2013-2014,Graduate,MA Psychology,30
Metropolitan,2013-2014,Graduate,MA Public Policy & Admin,38
Metropolitan,2013-2014,Graduate,MASC Aerospace Engineering,25
Metropolitan,2013-2014,Graduate,MASc Building Science,20
Metropolitan,2013-2014,Graduate,MASc Chemical Engineering,10
Metropolitan,2013-2014,Graduate,MASc Civil Engineering,23
Metropolitan,2013-2014,Graduate,MASc Computer Networks,13
Metropolitan,2013-2014,Graduate,MASc Electrical & Computer Eng,53
Metropolitan,2013-2014,Graduate,MASc Mech and Industrial Engr,27
Metropolitan,2013-2014,Graduate,MBA Business Administration,70
Metropolitan,2013-2014,Graduate,MBA Business Administration PT,54
Metropolitan,2013-2014,Graduate,MBA Mgmt Technol and Innov PT,0
Metropolitan,2013-2014,Graduate,MBA Mgmt of Technol and Innov,18
Metropolitan,2013-2014,Graduate,MBSc Building Science,14
Metropolitan,2013-2014,Graduate,MENG Aerospace Engineering,26
Metropolitan,2013-2014,Graduate,MEng Chemical Engineering,10
Metropolitan,2013-2014,Graduate,MEng Civil Engineering,45
Metropolitan,2013-2014,Graduate,MEng Computer Networks,61
Metropolitan,2013-2014,Graduate,MEng Computer Networks PT,19
Metropolitan,2013-2014,Graduate,MEng Elec. & Computer Eng,55
Metropolitan,2013-2014,Graduate,MEng Mech and Industrial Engr,37
Metropolitan,2013-2014,Graduate,MFA Documentary Media,43
Metropolitan,2013-2014,Graduate,MHSc Nutrition Communication,19
Metropolitan,2013-2014,Graduate,MMSc Mgmt Technol and Innov PT,0
Metropolitan,2013-2014,Graduate,MMSc Mgmt of Technol and Innov,*
Metropolitan,2013-2014,Graduate,MN Nursing Full-Time,64
Metropolitan,2013-2014,Graduate,MN Nursing Part-Time,14
Metropolitan,2013-2014,Graduate,MPC Prof Communication,24
Metropolitan,2013-2014,Graduate,MPL Urban Development,61
Metropolitan,2013-2014,Graduate,MSA Spatial Analysis,22
Metropolitan,2013-2014,Graduate,MSc Applied Mathematics,19
Metropolitan,2013-2014,Graduate,MSc Biomedical Physics,24
Metropolitan,2013-2014,Graduate,MSc Molecular Science,38
Metropolitan,2013-2014,Graduate,Master of Architecture,59
Metropolitan,2013-2014,Graduate,Master of Journalism,54
Metropolitan,2013-2014,Graduate,Master of Science Computer Sci,60
Metropolitan,2013-2014,Graduate,Master of Social Work,42
Metropolitan,2013-2014,Graduate,PhD  Economics,15
Metropolitan,2013-2014,Graduate,PhD - Computer Science,17
Metropolitan,2013-2014,Graduate,PhD Aerospace Engineering,20
Metropolitan,2013-2014,Graduate,PhD Chemical Engineering,18
Metropolitan,2013-2014,Graduate,PhD Civil Engineering,42
Metropolitan,2013-2014,Graduate,PhD Communication & Culture,37
Metropolitan,2013-2014,Graduate,PhD Elec & Computer Eng,64
Metropolitan,2013-2014,Graduate,PhD Mech and Industrial Engr,83
Metropolitan,2013-2014,Graduate,PhD Molecular Science,12
Metropolitan,2013-2014,Graduate,PhD Policy Studies,36
Metropolitan,2013-2014,Graduate,PhD Psychology,71
Metropolitan,2013-2014,Graduate,Phd Biomedical Physics,15
Metropolitan,2013-2014,Graduate,Phd Envir.App.Sci and Mgt,25
Metropolitan,2013-2014,Graduate,Primary Hlth Care Nurs Prac,16
Metropolitan,2014-2015,Undergraduate,Accounting and Finance,484
Metropolitan,2014-2015,Undergraduate,Architectural Science,315
Metropolitan,2014-2015,Undergraduate,Arts Undeclared,*
Metropolitan,2014-2015,Undergraduate,Arts and Contemporary Studies,405
Metropolitan,2014-2015,Undergraduate,Bachelor of Arts,2397
Metropolitan,2014-2015,Undergraduate,Bachelor of Engineering,2741
Metropolitan,2014-2015,Undergraduate,Bachelor of Science,823
Metropolitan,2014-2015,Undergraduate,Biology,0
Metropolitan,2014-2015,Undergraduate,Biomedical Sciences,220
Metropolitan,2014-2015,Undergraduate,Bus. Mgt. Part-Time,*
Metropolitan,2014-2015,Undergraduate,Business Management,4914
Metropolitan,2014-2015,Undergraduate,Business Tech Mgt CAAT,22
Metropolitan,2014-2015,Undergraduate,Business Tech. Mgt. PT,45
Metropolitan,2014-2015,Undergraduate,Business Technology Mgt.,966
Metropolitan,2014-2015,Undergraduate,BusinessTech Mgt CAAT PT,0
Metropolitan,2014-2015,Undergraduate,Child and Youth Care,324
Metropolitan,2014-2015,Undergraduate,Coll. Nursing Centennial,590
Metropolitan,2014-2015,Undergraduate,Coll. Nursing George Brown,662
Metropolitan,2014-2015,Undergraduate,Collaborative Nursing Ryerson,691
Metropolitan,2014-2015,Undergraduate,Computer Engineering,0
Metropolitan,2014-2015,Undergraduate,Computer Science,878
Metropolitan,2014-2015,Undergraduate,Computer Science Part-Time,*
Metropolitan,2014-2015,Undergraduate,Creative Industries,274
Metropolitan,2014-2015,Undergraduate,Criminology,*
Metropolitan,2014-2015,Undergraduate,Disability Studies Part-time,*
Metropolitan,2014-2015,Undergraduate,Early Childhood Studies,607
Metropolitan,2014-2015,Undergraduate,Early Childhood Studies CTPT,*
Metropolitan,2014-2015,Undergraduate,Electrical Engineering,*
Metropolitan,2014-2015,Undergraduate,Engineering Special,*
Metropolitan,2014-2015,Undergraduate,Fashion Communication,290
Metropolitan,2014-2015,Undergraduate,Fashion Design,229
Metropolitan,2014-2015,Undergraduate,Financial Mathematics,49
Metropolitan,2014-2015,Undergraduate,Geographic Analysis,14
Metropolitan,2014-2015,Undergraduate,Graphic Communications Mgt.,470
Metropolitan,2014-2015,Undergraduate,Health Services Management PT,0
Metropolitan,2014-2015,Undergraduate,Hospitality & Tourism Mgt.,515
Metropolitan,2014-2015,Undergraduate,Image Arts-Film Studies,304
Metropolitan,2014-2015,Undergraduate,Image Arts-New Media,88
Metropolitan,2014-2015,Undergraduate,Image Arts-Photography Studies,267
Metropolitan,2014-2015,Undergraduate,Interior Design,326
Metropolitan,2014-2015,Undergraduate,Intern'l Economics & Finance,235
Metropolitan,2014-2015,Undergraduate,Journalism,493
Metropolitan,2014-2015,Undergraduate,Math and Its Applications,60
Metropolitan,2014-2015,Undergraduate,Mechanical Engineering,0
Metropolitan,2014-2015,Undergraduate,Media Production,592
Metropolitan,2014-2015,Undergraduate,Midwifery,56
Metropolitan,2014-2015,Undergraduate,Midwifery Part-time,20
Metropolitan,2014-2015,Undergraduate,Nursing Deg Completion PT,72
Metropolitan,2014-2015,Undergraduate,Nursing Degree Completion,57
Metropolitan,2014-2015,Undergraduate,Nutrition and Food,239
Metropolitan,2014-2015,Undergraduate,Occ & Pub Hlth for Grads - OHS,44
Metropolitan,2014-2015,Undergraduate,Occ & Pub Hlth for Grads - PHS,116
Metropolitan,2014-2015,Undergraduate,Occ & Public Health-OHS,170
Metropolitan,2014-2015,Undergraduate,Occ. & Public Health-PHS,223
Metropolitan,2014-2015,Undergraduate,Performance Acting,87
Metropolitan,2014-2015,Undergraduate,Performance Dance,119
Metropolitan,2014-2015,Undergraduate,Performance Production,198
Metropolitan,2014-2015,Undergraduate,Politics and Governance,*
Metropolitan,2014-2015,Undergraduate,Post Baccalaureate Midwifery,*
Metropolitan,2014-2015,Undergraduate,Professional Communication,125
Metropolitan,2014-2015,Undergraduate,Psychology,*
Metropolitan,2014-2015,Undergraduate,Public Admin and Governance,*
Metropolitan,2014-2015,Undergraduate,RT Sport Media,61
Metropolitan,2014-2015,Undergraduate,RTA New Media,108
Metropolitan,2014-2015,Undergraduate,Retail Management,351
Metropolitan,2014-2015,Undergraduate,Social Work,594
Metropolitan,2014-2015,Undergraduate,Social Work Part-time,58
Metropolitan,2014-2015,Undergraduate,Sociology,*
Metropolitan,2014-2015,Undergraduate,Urban & Regional Plan DC,*
Metropolitan,2014-2015,Undergraduate,Urban & Regional Plan PB,34
Metropolitan,2014-2015,Undergraduate,Urban & Regional Planning,337
Metropolitan,2014-2015,Graduate,Digital Media,0
Metropolitan,2014-2015,Graduate,Digital Media MDM,42
Metropolitan,2014-2015,Graduate,Envir. App.Sci.& Mgt.,45
Metropolitan,2014-2015,Graduate,MA Communication & Culture,28
Metropolitan,2014-2015,Graduate,MA Early Childhood Studies,24
Metropolitan,2014-2015,Graduate,MA Fashion,20
Metropolitan,2014-2015,Graduate,MA Film Photo Preserv Coll Mgt,0
Metropolitan,2014-2015,Graduate,MA Immigration & Settlement,35
Metropolitan,2014-2015,Graduate,MA Int'l Economics & Finance,23
Metropolitan,2014-2015,Graduate,MA Literatures of Modernity,20
Metropolitan,2014-2015,Graduate,MA Media Production,18
Metropolitan,2014-2015,Graduate,MA Philosophy,25
Metropolitan,2014-2015,Graduate,MA Photo Pres and Coll. Mgt,38
Metropolitan,2014-2015,Graduate,MA Psychology,33
Metropolitan,2014-2015,Graduate,MA Public Policy & Admin,41
Metropolitan,2014-2015,Graduate,MASC Aerospace Engineering,25
Metropolitan,2014-2015,Graduate,MASc Building Science,12
Metropolitan,2014-2015,Graduate,MASc Chemical Engineering,10
Metropolitan,2014-2015,Graduate,MASc Civil Engineering,27
Metropolitan,2014-2015,Graduate,MASc Computer Networks,13
Metropolitan,2014-2015,Graduate,MASc Electrical & Computer Eng,49
Metropolitan,2014-2015,Graduate,MASc Mech and Industrial Engr,27
Metropolitan,2014-2015,Graduate,MBA Business Administration,74
Metropolitan,2014-2015,Graduate,MBA Business Administration PT,60
Metropolitan,2014-2015,Graduate,MBA Mgmt Technol and Innov PT,30
Metropolitan,2014-2015,Graduate,MBA Mgmt of Technol and Innov,33
Metropolitan,2014-2015,Graduate,MBSc Building Science,27
Metropolitan,2014-2015,Graduate,MENG Aerospace Engineering,21
Metropolitan,2014-2015,Graduate,MEng Chemical Engineering,*
Metropolitan,2014-2015,Graduate,MEng Civil Engineering,40
Metropolitan,2014-2015,Graduate,MEng Computer Networks,72
Metropolitan,2014-2015,Graduate,MEng Computer Networks PT,13
Metropolitan,2014-2015,Graduate,MEng Elec. & Computer Eng,63
Metropolitan,2014-2015,Graduate,MEng Mech and Industrial Engr,26
Metropolitan,2014-2015,Graduate,MFA Documentary Media,42
Metropolitan,2014-2015,Graduate,MHSc Nutrition Communication,35
Metropolitan,2014-2015,Graduate,MMSc Mgmt Technol and Innov PT,*
Metropolitan,2014-2015,Graduate,MMSc Mgmt of Technol and Innov,*
Metropolitan,2014-2015,Graduate,MN Nursing Full-Time,59
Metropolitan,2014-2015,Graduate,MN Nursing Part-Time,18
Metropolitan,2014-2015,Graduate,MPC Prof Communication,22
Metropolitan,2014-2015,Graduate,MPL Urban Development,64
Metropolitan,2014-2015,Graduate,MSA Spatial Analysis,25
Metropolitan,2014-2015,Graduate,MSc Applied Mathematics,18
Metropolitan,2014-2015,Graduate,MSc Biomedical Physics,30
Metropolitan,2014-2015,Graduate,MSc Molecular Science,33
Metropolitan,2014-2015,Graduate,Master of Architecture,52
Metropolitan,2014-2015,Graduate,Master of Journalism,54
Metropolitan,2014-2015,Graduate,Master of Science Computer Sci,49
Metropolitan,2014-2015,Graduate,Master of Science in Mngmnt,0
Metropolitan,2014-2015,Graduate,Master of Social Work,47
Metropolitan,2014-2015,Graduate,PhD  Economics,18
Metropolitan,2014-2015,Graduate,PhD - Computer Science,21
Metropolitan,2014-2015,Graduate,PhD Aerospace Engineering,20
Metropolitan,2014-2015,Graduate,PhD Chemical Engineering,14
Metropolitan,2014-2015,Graduate,PhD Civil Engineering,35
Metropolitan,2014-2015,Graduate,PhD Communication & Culture,35
Metropolitan,2014-2015,Graduate,PhD Elec & Computer Eng,69
Metropolitan,2014-2015,Graduate,PhD Mech and Industrial Engr,82
Metropolitan,2014-2015,Graduate,PhD Molecular Science,18
Metropolitan,2014-2015,Graduate,PhD Policy Studies,38
Metropolitan,2014-2015,Graduate,PhD Psychology,68
Metropolitan,2014-2015,Graduate,Phd Biomedical Physics,18
Metropolitan,2014-2015,Graduate,Phd Envir.App.Sci and Mgt,28
Metropolitan,2014-2015,Graduate,Primary Hlth Care Nurs Prac,20
Metropolitan,2015-2016,Undergraduate,Accounting and Finance,697
Metropolitan,2015-2016,Undergraduate,Aerospace Engineering,*
Metropolitan,2015-2016,Undergraduate,Architectural Science,347
Metropolitan,2015-2016,Undergraduate,Arts Undeclared,0
Metropolitan,2015-2016,Undergraduate,Arts and Contemporary Studies,371
Metropolitan,2015-2016,Undergraduate,Bachelor of Arts,2727
Metropolitan,2015-2016,Undergraduate,Bachelor of Engineering,3041
Metropolitan,2015-2016,Undergraduate,Bachelor of Science,813
Metropolitan,2015-2016,Undergraduate,Biomedical Sciences,299
Metropolitan,2015-2016,Undergraduate,Bus. Mgt. Part-Time,*
Metropolitan,2015-2016,Undergraduate,Business Management,4970
Metropolitan,2015-2016,Undergraduate,Business Tech Mgt CAAT,20
Metropolitan,2015-2016,Undergraduate,Business Tech. Mgt. PT,33
Metropolitan,2015-2016,Undergraduate,Business Technology Mgt.,996
Metropolitan,2015-2016,Undergraduate,BusinessTech Mgt CAAT PT,*
Metropolitan,2015-2016,Undergraduate,Child and Youth Care,358
Metropolitan,2015-2016,Undergraduate,Child and Youth Care PT,*
Metropolitan,2015-2016,Undergraduate,Coll. Nursing Centennial,596
Metropolitan,2015-2016,Undergraduate,Coll. Nursing George Brown,670
Metropolitan,2015-2016,Undergraduate,Collaborative Nursing Ryerson,712
Metropolitan,2015-2016,Undergraduate,Computer Science,996
Metropolitan,2015-2016,Undergraduate,Computer Science Part-Time,10
Metropolitan,2015-2016,Undergraduate,Creative Industries,415
Metropolitan,2015-2016,Undergraduate,Criminology,*
Metropolitan,2015-2016,Undergraduate,Disability Studies Part-time,*
Metropolitan,2015-2016,Undergraduate,Early Childhood Studies,592
Metropolitan,2015-2016,Undergraduate,Early Childhood Studies CTPT,*
Metropolitan,2015-2016,Undergraduate,Electrical Engineering,0
Metropolitan,2015-2016,Undergraduate,Engineering Special,0
Metropolitan,2015-2016,Undergraduate,Fashion Communication,294
Metropolitan,2015-2016,Undergraduate,Fashion Design,224
Metropolitan,2015-2016,Undergraduate,Financial Mathematics,86
Metropolitan,2015-2016,Undergraduate,Geographic Analysis,*
Metropolitan,2015-2016,Undergraduate,Graphic Communications Mgt.,504
Metropolitan,2015-2016,Undergraduate,Health Services Management PT,0
Metropolitan,2015-2016,Undergraduate,Hospitality & Tourism Mgt.,514
Metropolitan,2015-2016,Undergraduate,Image Arts-Film Studies,307
Metropolitan,2015-2016,Undergraduate,Image Arts-New Media,49
Metropolitan,2015-2016,Undergraduate,Image Arts-Photography Studies,260
Metropolitan,2015-2016,Undergraduate,Interior Design,322
Metropolitan,2015-2016,Undergraduate,Intern'l Economics & Finance,248
Metropolitan,2015-2016,Undergraduate,Journalism,466
Metropolitan,2015-2016,Undergraduate,Math and Its Applications,94
Metropolitan,2015-2016,Undergraduate,Media Production,582
Metropolitan,2015-2016,Undergraduate,Midwifery,62
Metropolitan,2015-2016,Undergraduate,Midwifery Part-time,18
Metropolitan,2015-2016,Undergraduate,Nursing Deg Completion PT,58
Metropolitan,2015-2016,Undergraduate,Nursing Degree Completion,57
Metropolitan,2015-2016,Undergraduate,Nutrition and Food,262
Metropolitan,2015-2016,Undergraduate,Occ & Pub Hlth for Grads - OHS,56
Metropolitan,2015-2016,Undergraduate,Occ & Pub Hlth for Grads - PHS,121
Metropolitan,2015-2016,Undergraduate,Occ & Public Health-OHS,195
Metropolitan,2015-2016,Undergraduate,Occ. & Public Health-PHS,219
Metropolitan,2015-2016,Undergraduate,Performance Acting,88
Metropolitan,2015-2016,Undergraduate,Performance Dance,115
Metropolitan,2015-2016,Undergraduate,Performance Production,199
Metropolitan,2015-2016,Undergraduate,Politics and Governance,*
Metropolitan,2015-2016,Undergraduate,Post Baccalaureate Midwifery,*
Metropolitan,2015-2016,Undergraduate,Professional Communication,200
Metropolitan,2015-2016,Undergraduate,Psychology,0
Metropolitan,2015-2016,Undergraduate,Public Admin and Governance,15
Metropolitan,2015-2016,Undergraduate,RT Sport Media,137
Metropolitan,2015-2016,Undergraduate,RTA New Media,170
Metropolitan,2015-2016,Undergraduate,Retail Management,359
Metropolitan,2015-2016,Undergraduate,Science Special,0
Metropolitan,2015-2016,Undergraduate,Social Work,606
Metropolitan,2015-2016,Undergraduate,Social Work Part-time,72
Metropolitan,2015-2016,Undergraduate,Sociology,*
Metropolitan,2015-2016,Undergraduate,Urban & Regional Plan DC,*
Metropolitan,2015-2016,Undergraduate,Urban & Regional Plan PB,32
Metropolitan,2015-2016,Undergraduate,Urban & Regional Planning,338
Metropolitan,2015-2016,Graduate,Digital Media MDM,42
Metropolitan,2015-2016,Graduate,Envir. App.Sci.& Mgt.,52
Metropolitan,2015-2016,Graduate,MA Communication & Culture,35
Metropolitan,2015-2016,Graduate,MA Early Childhood Studies,19
Metropolitan,2015-2016,Graduate,MA Fashion,27
Metropolitan,2015-2016,Graduate,MA Film Photo Preserv Coll Mgt,36
Metropolitan,2015-2016,Graduate,MA Immigration & Settlement,38
Metropolitan,2015-2016,Graduate,MA Int'l Economics & Finance,25
Metropolitan,2015-2016,Graduate,MA Literatures of Modernity,25
Metropolitan,2015-2016,Graduate,MA Media Production,26
Metropolitan,2015-2016,Graduate,MA Philosophy,29
Metropolitan,2015-2016,Graduate,MA Psychology,33
Metropolitan,2015-2016,Graduate,MA Public Policy & Admin,44
Metropolitan,2015-2016,Graduate,MASC Aerospace Engineering,26
Metropolitan,2015-2016,Graduate,MASc Building Science,*
Metropolitan,2015-2016,Graduate,MASc Chemical Engineering,17
Metropolitan,2015-2016,Graduate,MASc Civil Engineering,26
Metropolitan,2015-2016,Graduate,MASc Computer Networks,*
Metropolitan,2015-2016,Graduate,MASc Electrical & Computer Eng,69
Metropolitan,2015-2016,Graduate,MASc Mech and Industrial Engr,22
Metropolitan,2015-2016,Graduate,MBA Business Administration,51
Metropolitan,2015-2016,Graduate,MBA Business Administration PT,65
Metropolitan,2015-2016,Graduate,MBA Mgmt Technol and Innov PT,0
Metropolitan,2015-2016,Graduate,MBA Mgmt of Technol and Innov,37
Metropolitan,2015-2016,Graduate,MBSc Building Science,29
Metropolitan,2015-2016,Graduate,MENG Aerospace Engineering,33
Metropolitan,2015-2016,Graduate,MEng Chemical Engineering,10
Metropolitan,2015-2016,Graduate,MEng Civil Engineering,58
Metropolitan,2015-2016,Graduate,MEng Computer Networks,59
Metropolitan,2015-2016,Graduate,MEng Computer Networks PT,18
Metropolitan,2015-2016,Graduate,MEng Elec. & Computer Eng,64
Metropolitan,2015-2016,Graduate,MEng Mech and Industrial Engr,26
Metropolitan,2015-2016,Graduate,MFA Documentary Media,47
Metropolitan,2015-2016,Graduate,MHSc Nutrition Communication,41
Metropolitan,2015-2016,Graduate,MN Nursing Full-Time,61
Metropolitan,2015-2016,Graduate,MN Nursing Part-Time,17
Metropolitan,2015-2016,Graduate,MPC Prof Communication,28
Metropolitan,2015-2016,Graduate,MPL Urban Development,72
Metropolitan,2015-2016,Graduate,MSA Spatial Analysis,26
Metropolitan,2015-2016,Graduate,MSc Applied Mathematics,22
Metropolitan,2015-2016,Graduate,MSc Biomedical Physics,32
Metropolitan,2015-2016,Graduate,MSc Molecular Science,36
Metropolitan,2015-2016,Graduate,Master of Architecture,60
Metropolitan,2015-2016,Graduate,Master of Journalism,55
Metropolitan,2015-2016,Graduate,Master of Science Computer Sci,41
Metropolitan,2015-2016,Graduate,Master of Science in Mngmnt,19
Metropolitan,2015-2016,Graduate,Master of Social Work,34
Metropolitan,2015-2016,Graduate,PhD  Economics,20
Metropolitan,2015-2016,Graduate,PhD - Computer Science,29
Metropolitan,2015-2016,Graduate,PhD Aerospace Engineering,27
Metropolitan,2015-2016,Graduate,PhD Chemical Engineering,10
Metropolitan,2015-2016,Graduate,PhD Civil Engineering,40
Metropolitan,2015-2016,Graduate,PhD Communication & Culture,34
Metropolitan,2015-2016,Graduate,PhD Elec & Computer Eng,63
Metropolitan,2015-2016,Graduate,PhD Mech and Industrial Engr,66
Metropolitan,2015-2016,Graduate,PhD Molecular Science,18
Metropolitan,2015-2016,Graduate,PhD Policy Studies,39
Metropolitan,2015-2016,Graduate,PhD Psychology,67
Metropolitan,2015-2016,Graduate,Phd Biomedical Physics,24
Metropolitan,2015-2016,Graduate,Phd Envir.App.Sci and Mgt,32
Metropolitan,2015-2016,Graduate,Primary Hlth Care Nurs Prac,17
Metropolitan,2016-2017,Undergraduate,Accounting and Finance,923
Metropolitan,2016-2017,Undergraduate,Architectural Science,355
Metropolitan,2016-2017,Undergraduate,Arts and Contemporary Studies,319
Metropolitan,2016-2017,Undergraduate,Bachelor of Arts,2983
Metropolitan,2016-2017,Undergraduate,Bachelor of Engineering,3169
Metropolitan,2016-2017,Undergraduate,Bachelor of Science,824
Metropolitan,2016-2017,Undergraduate,Biomedical Sciences,395
Metropolitan,2016-2017,Undergraduate,Bus. Mgt. Part-Time,0
Metropolitan,2016-2017,Undergraduate,Business Management,5026
Metropolitan,2016-2017,Undergraduate,Business Tech Mgt CAAT,17
Metropolitan,2016-2017,Undergraduate,Business Tech. Mgt. PT,33
Metropolitan,2016-2017,Undergraduate,Business Technology Mgt.,955
Metropolitan,2016-2017,Undergraduate,BusinessTech Mgt CAAT PT,0
Metropolitan,2016-2017,Undergraduate,Child and Youth Care,487
Metropolitan,2016-2017,Undergraduate,Child and Youth Care PT,*
Metropolitan,2016-2017,Undergraduate,Coll. Nursing Centennial,576
Metropolitan,2016-2017,Undergraduate,Coll. Nursing George Brown,662
Metropolitan,2016-2017,Undergraduate,Collaborative Nursing Ryerson,720
Metropolitan,2016-2017,Undergraduate,Computer Science,1174
Metropolitan,2016-2017,Undergraduate,Computer Science Part-Time,15
Metropolitan,2016-2017,Undergraduate,Creative Industries,549
Metropolitan,2016-2017,Undergraduate,Criminology,*
Metropolitan,2016-2017,Undergraduate,Disability Studies Part-time,*
Metropolitan,2016-2017,Undergraduate,Early Childhood Studies,703
Metropolitan,2016-2017,Undergraduate,Early Childhood Studies CTPT,*
Metropolitan,2016-2017,Undergraduate,Electrical Engineering,*
Metropolitan,2016-2017,Undergraduate,Fashion Communication,290
Metropolitan,2016-2017,Undergraduate,Fashion Design,236
Metropolitan,2016-2017,Undergraduate,Financial Mathematics,99
Metropolitan,2016-2017,Undergraduate,Geographic Analysis,0
Metropolitan,2016-2017,Undergraduate,Graphic Communications Mgt.,598
Metropolitan,2016-2017,Undergraduate,Health Services Management PT,*
Metropolitan,2016-2017,Undergraduate,Hospitality & Tourism Mgt.,666
Metropolitan,2016-2017,Undergraduate,Image Arts-Film Studies,314
Metropolitan,2016-2017,Undergraduate,Image Arts-New Media,*
Metropolitan,2016-2017,Undergraduate,Image Arts-Photography Studies,252
Metropolitan,2016-2017,Undergraduate,Interior Design,305
Metropolitan,2016-2017,Undergraduate,Intern'l Economics & Finance,251
Metropolitan,2016-2017,Undergraduate,Journalism,451
Metropolitan,2016-2017,Undergraduate,Math and Its Applications,79
Metropolitan,2016-2017,Undergraduate,Media Production,610
Metropolitan,2016-2017,Undergraduate,Midwifery,51
Metropolitan,2016-2017,Undergraduate,Midwifery Part-time,18
Metropolitan,2016-2017,Undergraduate,Nursing Deg Completion PT,47
Metropolitan,2016-2017,Undergraduate,Nursing Degree Completion,68
Metropolitan,2016-2017,Undergraduate,Nutrition and Food,285
Metropolitan,2016-2017,Undergraduate,Occ & Pub Hlth for Grads - OHS,44
Metropolitan,2016-2017,Undergraduate,Occ & Pub Hlth for Grads - PHS,118
Metropolitan,2016-2017,Undergraduate,Occ & Public Health-OHS,185
Metropolitan,2016-2017,Undergraduate,Occ. & Public Health-PHS,221
Metropolitan,2016-2017,Undergraduate,Performance Acting,82
Metropolitan,2016-2017,Undergraduate,Performance Dance,118
Metropolitan,2016-2017,Undergraduate,Performance Production,181
Metropolitan,2016-2017,Undergraduate,Politics and Governance,*
Metropolitan,2016-2017,Undergraduate,Post Baccalaureate Midwifery,*
Metropolitan,2016-2017,Undergraduate,Professional Communication,291
Metropolitan,2016-2017,Undergraduate,Public Admin and Governance,*
Metropolitan,2016-2017,Undergraduate,RT Sport Media,205
Metropolitan,2016-2017,Undergraduate,RTA New Media,220
Metropolitan,2016-2017,Undergraduate,Retail Management,361
Metropolitan,2016-2017,Undergraduate,Social Work,713
Metropolitan,2016-2017,Undergraduate,Social Work Part-time,39
Metropolitan,2016-2017,Undergraduate,Urban & Regional Plan DC,*
Metropolitan,2016-2017,Undergraduate,Urban & Regional Plan PB,35
Metropolitan,2016-2017,Undergraduate,Urban & Regional Planning,390
Metropolitan,2016-2017,Graduate,Dietetics PMDip FT,12
Metropolitan,2016-2017,Graduate,Digital Media MDM,38
Metropolitan,2016-2017,Graduate,Engr Innovation & Entreprnshp,21
Metropolitan,2016-2017,Graduate,Envir. App.Sci.& Mgt.,47
Metropolitan,2016-2017,Graduate,MA Child and Youth Care,19
Metropolitan,2016-2017,Graduate,MA Communication & Culture,36
Metropolitan,2016-2017,Graduate,MA Early Childhood Studies,24
Metropolitan,2016-2017,Graduate,MA Fashion,31
Metropolitan,2016-2017,Graduate,MA Film Photo Preserv Coll Mgt,35
Metropolitan,2016-2017,Graduate,MA Immigration & Settlement,34
Metropolitan,2016-2017,Graduate,MA Int'l Economics & Finance,26
Metropolitan,2016-2017,Graduate,MA Literatures of Modernity,22
Metropolitan,2016-2017,Graduate,MA Media Production,27
Metropolitan,2016-2017,Graduate,MA Philosophy,33
Metropolitan,2016-2017,Graduate,MA Psychology,37
Metropolitan,2016-2017,Graduate,MA Public Policy & Admin,37
Metropolitan,2016-2017,Graduate,MASC Aerospace Engineering,38
Metropolitan,2016-2017,Graduate,MASc Biomedical Engineering,*
Metropolitan,2016-2017,Graduate,MASc Building Science,*
Metropolitan,2016-2017,Graduate,MASc Chemical Engineering,21
Metropolitan,2016-2017,Graduate,MASc Civil Engineering,36
Metropolitan,2016-2017,Graduate,MASc Computer Networks,*
Metropolitan,2016-2017,Graduate,MASc Electrical & Computer Eng,52
Metropolitan,2016-2017,Graduate,MASc Mech and Industrial Engr,26
Metropolitan,2016-2017,Graduate,MBA Business Administration,45
Metropolitan,2016-2017,Graduate,MBA Business Administration PT,49
Metropolitan,2016-2017,Graduate,MBA Mgmt Technol and Innov PT,31
Metropolitan,2016-2017,Graduate,MBA Mgmt of Technol and Innov,24
Metropolitan,2016-2017,Graduate,MBSc Building Science,25
Metropolitan,2016-2017,Graduate,MENG Aerospace Engineering,29
Metropolitan,2016-2017,Graduate,MEng Biomedical Engineering,11
Metropolitan,2016-2017,Graduate,MEng Chemical Engineering,*
Metropolitan,2016-2017,Graduate,MEng Civil Engineering,60
Metropolitan,2016-2017,Graduate,MEng Computer Networks,54
Metropolitan,2016-2017,Graduate,MEng Computer Networks PT,21
Metropolitan,2016-2017,Graduate,MEng Elec. & Computer Eng,66
Metropolitan,2016-2017,Graduate,MEng Mech and Industrial Engr,33
Metropolitan,2016-2017,Graduate,MFA Documentary Media,44
Metropolitan,2016-2017,Graduate,MHSc Nutrition Communication,40
Metropolitan,2016-2017,Graduate,MN Nursing Full-Time,65
Metropolitan,2016-2017,Graduate,MN Nursing Part-Time,32
Metropolitan,2016-2017,Graduate,MPC Prof Communication,26
Metropolitan,2016-2017,Graduate,MPL Urban Development,70
Metropolitan,2016-2017,Graduate,MSA Spatial Analysis,24
Metropolitan,2016-2017,Graduate,MSc Applied Mathematics,24
Metropolitan,2016-2017,Graduate,MSc Biomedical Physics,30
Metropolitan,2016-2017,Graduate,MSc Data Science and Analytics,20
Metropolitan,2016-2017,Graduate,MSc Molecular Science,36
Metropolitan,2016-2017,Graduate,Master of Architecture,55
Metropolitan,2016-2017,Graduate,Master of Journalism,53
Metropolitan,2016-2017,Graduate,Master of Science Computer Sci,51
Metropolitan,2016-2017,Graduate,Master of Science in Mngmnt,41
Metropolitan,2016-2017,Graduate,Master of Social Work,40
Metropolitan,2016-2017,Graduate,PhD  Economics,22
Metropolitan,2016-2017,Graduate,PhD - Computer Science,34
Metropolitan,2016-2017,Graduate,PhD Aerospace Engineering,24
Metropolitan,2016-2017,Graduate,PhD Biomedical Engineering,*
Metropolitan,2016-2017,Graduate,PhD Chemical Engineering,*
Metropolitan,2016-2017,Graduate,PhD Civil Engineering,36
Metropolitan,2016-2017,Graduate,PhD Communication & Culture,38
Metropolitan,2016-2017,Graduate,PhD Elec & Computer Eng,61
Metropolitan,2016-2017,Graduate,PhD Math Modelling & Methods,*
Metropolitan,2016-2017,Graduate,PhD Mech and Industrial Engr,64
Metropolitan,2016-2017,Graduate,PhD Molecular Science,24
Metropolitan,2016-2017,Graduate,PhD Policy Studies,44
Metropolitan,2016-2017,Graduate,PhD Psychology,61
Metropolitan,2016-2017,Graduate,Phd Biomedical Physics,24
Metropolitan,2016-2017,Graduate,Phd Envir.App.Sci and Mgt,31
Metropolitan,2016-2017,Graduate,Primary Hlth Care Nurs Prac,10
Metropolitan,2017-2018,Undergraduate,Accounting and Finance,1010
Metropolitan,2017-2018,Undergraduate,Architectural Science,360
Metropolitan,2017-2018,Undergraduate,Arts and Contemporary Studies,304
Metropolitan,2017-2018,Undergraduate,Bachelor of Arts,3001
Metropolitan,2017-2018,Undergraduate,Bachelor of Engineering,3226
Metropolitan,2017-2018,Undergraduate,Bachelor of Science,830
Metropolitan,2017-2018,Undergraduate,Biomedical Sciences,433
Metropolitan,2017-2018,Undergraduate,Bus. Mgt. Part-Time,*
Metropolitan,2017-2018,Undergraduate,Business Management,5137
Metropolitan,2017-2018,Undergraduate,Business Tech Mgt CAAT,29
Metropolitan,2017-2018,Undergraduate,Business Tech. Mgt. PT,34
Metropolitan,2017-2018,Undergraduate,Business Technology Mgt.,1006
Metropolitan,2017-2018,Undergraduate,BusinessTech Mgt CAAT PT,*
Metropolitan,2017-2018,Undergraduate,Child and Youth Care,527
Metropolitan,2017-2018,Undergraduate,Coll. Nursing Centennial,578
Metropolitan,2017-2018,Undergraduate,Coll. Nursing George Brown,668
Metropolitan,2017-2018,Undergraduate,Collaborative Nursing Ryerson,717
Metropolitan,2017-2018,Undergraduate,Computer Science,1288
Metropolitan,2017-2018,Undergraduate,Computer Science Part-Time,28
Metropolitan,2017-2018,Undergraduate,Creative Industries,505
Metropolitan,2017-2018,Undergraduate,Criminology,*
Metropolitan,2017-2018,Undergraduate,Early Childhood Studies,735
Metropolitan,2017-2018,Undergraduate,Early Childhood Studies CTPT,*
Metropolitan,2017-2018,Undergraduate,Fashion Communication,282
Metropolitan,2017-2018,Undergraduate,Fashion Design,240
Metropolitan,2017-2018,Undergraduate,Financial Mathematics,118
Metropolitan,2017-2018,Undergraduate,Graphic Communications Mgt.,631
Metropolitan,2017-2018,Undergraduate,Health Services Management PT,*
Metropolitan,2017-2018,Undergraduate,Hospitality & Tourism Mgt.,490
Metropolitan,2017-2018,Undergraduate,Image Arts-Film Studies,326
Metropolitan,2017-2018,Undergraduate,Image Arts-New Media,*
Metropolitan,2017-2018,Undergraduate,Image Arts-Photography Studies,243
Metropolitan,2017-2018,Undergraduate,Interior Design,296
Metropolitan,2017-2018,Undergraduate,Intern'l Economics & Finance,229
Metropolitan,2017-2018,Undergraduate,Journalism,420
Metropolitan,2017-2018,Undergraduate,Math and Its Applications,87
Metropolitan,2017-2018,Undergraduate,Media Production,611
Metropolitan,2017-2018,Undergraduate,Midwifery,41
Metropolitan,2017-2018,Undergraduate,Midwifery Part-time,22
Metropolitan,2017-2018,Undergraduate,Nursing Deg Completion PT,56
Metropolitan,2017-2018,Undergraduate,Nursing Degree Completion,72
Metropolitan,2017-2018,Undergraduate,Nutrition and Food,294
Metropolitan,2017-2018,Undergraduate,Occ & Pub Hlth for Grads - OHS,37
Metropolitan,2017-2018,Undergraduate,Occ & Pub Hlth for Grads - PHS,115
Metropolitan,2017-2018,Undergraduate,Occ & Public Health-OHS,182
Metropolitan,2017-2018,Undergraduate,Occ. & Public Health-PHS,224
Metropolitan,2017-2018,Undergraduate,Performance Acting,85
Metropolitan,2017-2018,Undergraduate,Performance Dance,116
Metropolitan,2017-2018,Undergraduate,Performance Production,194
Metropolitan,2017-2018,Undergraduate,Politics and Governance,*
Metropolitan,2017-2018,Undergraduate,Post Baccalaureate Midwifery,*
Metropolitan,2017-2018,Undergraduate,Professional Communication,321
Metropolitan,2017-2018,Undergraduate,Public Admin and Governance,*
Metropolitan,2017-2018,Undergraduate,RT Sport Media,260
Metropolitan,2017-2018,Undergraduate,RTA New Media,242
Metropolitan,2017-2018,Undergraduate,Retail Management,361
Metropolitan,2017-2018,Undergraduate,Social Work,759
Metropolitan,2017-2018,Undergraduate,Social Work Part-time,39
Metropolitan,2017-2018,Undergraduate,Urban & Regional Plan DC,10
Metropolitan,2017-2018,Undergraduate,Urban & Regional Plan PB,36
Metropolitan,2017-2018,Undergraduate,Urban & Regional Planning,383
Metropolitan,2017-2018,Graduate,Dietetics PMDip FT,12
Metropolitan,2017-2018,Graduate,Digital Media MDM,31
Metropolitan,2017-2018,Graduate,Engr Innov & Entreprnshp P/T,*
Metropolitan,2017-2018,Graduate,Engr Innovation & Entreprnshp,55
Metropolitan,2017-2018,Graduate,Envir. App.Sci.& Mgt.,40
Metropolitan,2017-2018,Graduate,MA Child and Youth Care,20
Metropolitan,2017-2018,Graduate,MA Communication & Culture,33
Metropolitan,2017-2018,Graduate,MA Criminology & Social Justce,17
Metropolitan,2017-2018,Graduate,MA Early Childhood Studies,28
Metropolitan,2017-2018,Graduate,MA Fashion,33
Metropolitan,2017-2018,Graduate,MA Film Photo Preserv Coll Mgt,36
Metropolitan,2017-2018,Graduate,MA Immigration & Settlement,25
Metropolitan,2017-2018,Graduate,MA Int'l Economics & Finance,26
Metropolitan,2017-2018,Graduate,MA Literatures of Modernity,23
Metropolitan,2017-2018,Graduate,MA Media Production,24
Metropolitan,2017-2018,Graduate,MA Philosophy,22
Metropolitan,2017-2018,Graduate,MA Psychology,34
Metropolitan,2017-2018,Graduate,MA Public Policy & Admin,44
Metropolitan,2017-2018,Graduate,MASC Aerospace Engineering,25
Metropolitan,2017-2018,Graduate,MASc Biomedical Engineering,11
Metropolitan,2017-2018,Graduate,MASc Building Science,14
Metropolitan,2017-2018,Graduate,MASc Chemical Engineering,19
Metropolitan,2017-2018,Graduate,MASc Civil Engineering,32
Metropolitan,2017-2018,Graduate,MASc Computer Networks,11
Metropolitan,2017-2018,Graduate,MASc Electrical & Computer Eng,43
Metropolitan,2017-2018,Graduate,MASc Mech and Industrial Engr,27
Metropolitan,2017-2018,Graduate,MBA Business Administration,30
Metropolitan,2017-2018,Graduate,MBA Business Administration PT,46
Metropolitan,2017-2018,Graduate,MBA Mgmt Technol and Innov PT,32
Metropolitan,2017-2018,Graduate,MBA Mgmt of Technol and Innov,28
Metropolitan,2017-2018,Graduate,MBSc Building Science,19
Metropolitan,2017-2018,Graduate,MENG Aerospace Engineering,42
Metropolitan,2017-2018,Graduate,MEng Aerospace Eng PT,*
Metropolitan,2017-2018,Graduate,MEng Biomedical Engineering,21
Metropolitan,2017-2018,Graduate,MEng Chemical Engineering,*
Metropolitan,2017-2018,Graduate,MEng Chemical Engineering PT,*
Metropolitan,2017-2018,Graduate,MEng Civil Engineering,69
Metropolitan,2017-2018,Graduate,MEng Civil Engineering PT,11
Metropolitan,2017-2018,Graduate,MEng Computer Networks,66
Metropolitan,2017-2018,Graduate,MEng Computer Networks PT,18
Metropolitan,2017-2018,Graduate,MEng Elec. & Computer Eng,58
Metropolitan,2017-2018,Graduate,MEng Mech and Industrial Engr,19
Metropolitan,2017-2018,Graduate,MEng Mechanical Eng PT,12
Metropolitan,2017-2018,Graduate,MFA Documentary Media,40
Metropolitan,2017-2018,Graduate,MHSc Nutrition Communication,41
Metropolitan,2017-2018,Graduate,MN Nursing Full-Time,70
Metropolitan,2017-2018,Graduate,MN Nursing Part-Time,24
Metropolitan,2017-2018,Graduate,MPC Prof Communication,26
Metropolitan,2017-2018,Graduate,MPL Urban Development,70
Metropolitan,2017-2018,Graduate,MSA Spatial Analysis,26
Metropolitan,2017-2018,Graduate,MSc Applied Mathematics,25
Metropolitan,2017-2018,Graduate,MSc Biomedical Physics,29
Metropolitan,2017-2018,Graduate,MSc Data Science and Analytics,24
Metropolitan,2017-2018,Graduate,MSc Molecular Science,40
Metropolitan,2017-2018,Graduate,Master of Architecture,44
Metropolitan,2017-2018,Graduate,Master of Journalism,51
Metropolitan,2017-2018,Graduate,Master of Science Computer Sci,41
Metropolitan,2017-2018,Graduate,Master of Science in Mngmnt,67
Metropolitan,2017-2018,Graduate,Master of Social Work,39
Metropolitan,2017-2018,Graduate,PhD  Economics,20
Metropolitan,2017-2018,Graduate,PhD - Computer Science,34
Metropolitan,2017-2018,Graduate,PhD Aerospace Engineering,27
Metropolitan,2017-2018,Graduate,PhD Biomedical Engineering,*
Metropolitan,2017-2018,Graduate,PhD Chemical Engineering,10
Metropolitan,2017-2018,Graduate,PhD Civil Engineering,43
Metropolitan,2017-2018,Graduate,PhD Communication & Culture,37
Metropolitan,2017-2018,Graduate,PhD Elec & Computer Eng,57
Metropolitan,2017-2018,Graduate,PhD Math Modelling & Methods,*
Metropolitan,2017-2018,Graduate,PhD Mech and Industrial Engr,56
Metropolitan,2017-2018,Graduate,PhD Molecular Science,25
Metropolitan,2017-2018,Graduate,PhD Policy Studies,47
Metropolitan,2017-2018,Graduate,PhD Psychology,63
Metropolitan,2017-2018,Graduate,Phd Biomedical Physics,23
Metropolitan,2017-2018,Graduate,Phd Envir.App.Sci and Mgt,32
Metropolitan,2017-2018,Graduate,Primary Hlth Care Nurs Prac,15
Metropolitan,2018-2019,Undergraduate,Accounting and Finance,1089
Metropolitan,2018-2019,Undergraduate,Architectural Science,339
Metropolitan,2018-2019,Undergraduate,Arts and Contemporary Studies,315
Metropolitan,2018-2019,Undergraduate,Bachelor of Arts,3090
Metropolitan,2018-2019,Undergraduate,Bachelor of Engineering,3171
Metropolitan,2018-2019,Undergraduate,Bachelor of Science,722
Metropolitan,2018-2019,Undergraduate,Biomedical Sciences,441
Metropolitan,2018-2019,Undergraduate,Bus. Mgt. Part-Time,*
Metropolitan,2018-2019,Undergraduate,Business Management,5304
Metropolitan,2018-2019,Undergraduate,Business Tech Mgt CAAT,27
Metropolitan,2018-2019,Undergraduate,Business Tech. Mgt. PT,34
Metropolitan,2018-2019,Undergraduate,Business Technology Mgt.,1090
Metropolitan,2018-2019,Undergraduate,BusinessTech Mgt CAAT PT,*
Metropolitan,2018-2019,Undergraduate,Child and Youth Care,606
Metropolitan,2018-2019,Undergraduate,Child and Youth Care PT,10
Metropolitan,2018-2019,Undergraduate,Coll. Nursing Centennial,611
Metropolitan,2018-2019,Undergraduate,Coll. Nursing George Brown,684
Metropolitan,2018-2019,Undergraduate,Collaborative Nursing Ryerson,733
Metropolitan,2018-2019,Undergraduate,Computer Science,1243
Metropolitan,2018-2019,Undergraduate,Computer Science Part-Time,40
Metropolitan,2018-2019,Undergraduate,Creative Industries,539
Metropolitan,2018-2019,Undergraduate,Disability Studies Part-time,*
Metropolitan,2018-2019,Undergraduate,Early Childhood Studies,736
Metropolitan,2018-2019,Undergraduate,Early Childhood Studies CTPT,*
Metropolitan,2018-2019,Undergraduate,Fashion Communication,271
Metropolitan,2018-2019,Undergraduate,Fashion Design,226
Metropolitan,2018-2019,Undergraduate,Financial Mathematics,121
Metropolitan,2018-2019,Undergraduate,Graphic Communications Mgt.,631
Metropolitan,2018-2019,Undergraduate,Health Services Management PT,*
Metropolitan,2018-2019,Undergraduate,Hospitality & Tourism Mgt.,638
Metropolitan,2018-2019,Undergraduate,Image Arts-Film Studies,330
Metropolitan,2018-2019,Undergraduate,Image Arts-New Media,0
Metropolitan,2018-2019,Undergraduate,Image Arts-Photography Studies,242
Metropolitan,2018-2019,Undergraduate,Interior Design,241
Metropolitan,2018-2019,Undergraduate,Intern'l Economics & Finance,262
Metropolitan,2018-2019,Undergraduate,Journalism,430
Metropolitan,2018-2019,Undergraduate,Math and Its Applications,103
Metropolitan,2018-2019,Undergraduate,Media Production,588
Metropolitan,2018-2019,Undergraduate,Midwifery,48
Metropolitan,2018-2019,Undergraduate,Midwifery Part-time,27
Metropolitan,2018-2019,Undergraduate,Nursing Deg Completion PT,57
Metropolitan,2018-2019,Undergraduate,Nursing Degree Completion,128
Metropolitan,2018-2019,Undergraduate,Nutrition and Food,269
Metropolitan,2018-2019,Undergraduate,Occ & Pub Hlth for Grads - OHS,37
Metropolitan,2018-2019,Undergraduate,Occ & Pub Hlth for Grads - PHS,120
Metropolitan,2018-2019,Undergraduate,Occ & Public Health-OHS,172
Metropolitan,2018-2019,Undergraduate,Occ. & Public Health-PHS,203
Metropolitan,2018-2019,Undergraduate,Performance Acting,83
Metropolitan,2018-2019,Undergraduate,Performance Dance,120
Metropolitan,2018-2019,Undergraduate,Performance Production,192
Metropolitan,2018-2019,Undergraduate,Politics and Governance,0
Metropolitan,2018-2019,Undergraduate,Post Baccalaureate Midwifery,*
Metropolitan,2018-2019,Undergraduate,Professional Communication,334
Metropolitan,2018-2019,Undergraduate,Public Admin and Governance,12
Metropolitan,2018-2019,Undergraduate,RT Sport Media,272
Metropolitan,2018-2019,Undergraduate,RTA New Media,234
Metropolitan,2018-2019,Undergraduate,Retail Management,370
Metropolitan,2018-2019,Undergraduate,Social Work,705
Metropolitan,2018-2019,Undergraduate,Social Work Part-time,73
Metropolitan,2018-2019,Undergraduate,Urban & Regional Plan DC,10
Metropolitan,2018-2019,Undergraduate,Urban & Regional Plan PB,35
Metropolitan,2018-2019,Undergraduate,Urban & Regional Planning,408
Metropolitan,2018-2019,Graduate,Dietetics PMDip FT,12
Metropolitan,2018-2019,Graduate,Digital Media MDM,35
Metropolitan,2018-2019,Graduate,Engr Innov & Entreprnshp P/T,*
Metropolitan,2018-2019,Graduate,Engr Innovation & Entreprnshp,69
Metropolitan,2018-2019,Graduate,Envir. App.Sci.& Mgt.,46
Metropolitan,2018-2019,Graduate,MA Child and Youth Care,20
Metropolitan,2018-2019,Graduate,MA Communication & Culture,37
Metropolitan,2018-2019,Graduate,MA Criminology & Social Justce,18
Metropolitan,2018-2019,Graduate,MA Early Childhood Studies,27
Metropolitan,2018-2019,Graduate,MA Fashion,36
Metropolitan,2018-2019,Graduate,MA Film Photo Preserv Coll Mgt,33
Metropolitan,2018-2019,Graduate,MA Immigration & Settlement,37
Metropolitan,2018-2019,Graduate,MA Int'l Economics & Finance,29
Metropolitan,2018-2019,Graduate,MA Literatures of Modernity,20
Metropolitan,2018-2019,Graduate,MA Media Production,22
Metropolitan,2018-2019,Graduate,MA Philosophy,21
Metropolitan,2018-2019,Graduate,MA Psychology,30
Metropolitan,2018-2019,Graduate,MA Public Policy & Admin,40
Metropolitan,2018-2019,Graduate,MASC Aerospace Engineering,28
Metropolitan,2018-2019,Graduate,MASc Biomedical Engineering,25
Metropolitan,2018-2019,Graduate,MASc Building Science,13
Metropolitan,2018-2019,Graduate,MASc Chemical Engineering,16
Metropolitan,2018-2019,Graduate,MASc Civil Engineering,31
Metropolitan,2018-2019,Graduate,MASc Computer Networks,*
Metropolitan,2018-2019,Graduate,MASc Electrical & Computer Eng,38
Metropolitan,2018-2019,Graduate,MASc Mech and Industrial Engr,22
Metropolitan,2018-2019,Graduate,MBA Business Administration,20
Metropolitan,2018-2019,Graduate,MBA Business Administration PT,36
Metropolitan,2018-2019,Graduate,MBA Mgmt Technol and Innov PT,47
Metropolitan,2018-2019,Graduate,MBA Mgmt of Technol and Innov,34
Metropolitan,2018-2019,Graduate,MBSc Building Science,21
Metropolitan,2018-2019,Graduate,MENG Aerospace Engineering,68
Metropolitan,2018-2019,Graduate,MEng Aerospace Eng PT,12
Metropolitan,2018-2019,Graduate,MEng Biomedical Engineering,13
Metropolitan,2018-2019,Graduate,MEng Chemical Engineering,*
Metropolitan,2018-2019,Graduate,MEng Chemical Engineering PT,*
Metropolitan,2018-2019,Graduate,MEng Civil Engineering,60
Metropolitan,2018-2019,Graduate,MEng Civil Engineering PT,*
Metropolitan,2018-2019,Graduate,MEng Computer Networks,69
Metropolitan,2018-2019,Graduate,MEng Computer Networks PT,13
Metropolitan,2018-2019,Graduate,MEng Elec. & Computer Eng,33
Metropolitan,2018-2019,Graduate,MEng Mech and Industrial Engr,30
Metropolitan,2018-2019,Graduate,MEng Mechanical Eng PT,*
Metropolitan,2018-2019,Graduate,MEng. Elec. & Computer Eng. PT,0
Metropolitan,2018-2019,Graduate,MFA Documentary Media,40
Metropolitan,2018-2019,Graduate,MHSc Nutrition Communication,43
Metropolitan,2018-2019,Graduate,MN Nursing Full-Time,81
Metropolitan,2018-2019,Graduate,MN Nursing Part-Time,27
Metropolitan,2018-2019,Graduate,MPC Prof Communication,26
Metropolitan,2018-2019,Graduate,MPL Urban Development,65
Metropolitan,2018-2019,Graduate,MSA Spatial Analysis,29
Metropolitan,2018-2019,Graduate,MSc Applied Mathematics,22
Metropolitan,2018-2019,Graduate,MSc Biomedical Physics,22
Metropolitan,2018-2019,Graduate,MSc Data Science and Analytics,32
Metropolitan,2018-2019,Graduate,MSc Molecular Science,47
Metropolitan,2018-2019,Graduate,Master of Architecture,54
Metropolitan,2018-2019,Graduate,Master of Hlth Admin-Comm Care,26
Metropolitan,2018-2019,Graduate,Master of Journalism,44
Metropolitan,2018-2019,Graduate,Master of Science Computer Sci,31
Metropolitan,2018-2019,Graduate,Master of Science in Mngmnt,74
Metropolitan,2018-2019,Graduate,Master of Social Work,40
Metropolitan,2018-2019,Graduate,PhD  Economics,17
Metropolitan,2018-2019,Graduate,PhD - Computer Science,36
Metropolitan,2018-2019,Graduate,PhD Aerospace Engineering,28
Metropolitan,2018-2019,Graduate,PhD Biomedical Engineering,*
Metropolitan,2018-2019,Graduate,PhD Chemical Engineering,13
Metropolitan,2018-2019,Graduate,PhD Civil Engineering,48
Metropolitan,2018-2019,Graduate,PhD Communication & Culture,38
Metropolitan,2018-2019,Graduate,PhD Elec & Computer Eng,47
Metropolitan,2018-2019,Graduate,PhD Math Modelling & Methods,10
Metropolitan,2018-2019,Graduate,PhD Mech and Industrial Engr,53
Metropolitan,2018-2019,Graduate,PhD Molecular Science,26
Metropolitan,2018-2019,Graduate,PhD Policy Studies,40
Metropolitan,2018-2019,Graduate,PhD Psychology,66
Metropolitan,2018-2019,Graduate,Phd Biomedical Physics,26
Metropolitan,2018-2019,Graduate,Phd Envir.App.Sci and Mgt,33
Metropolitan,2018-2019,Graduate,Primary Hlth Care Nurs Prac,20
Metropolitan,2019-2020,Undergraduate,Accounting and Finance,1123
Metropolitan,2019-2020,Undergraduate,Architectural Science,299
Metropolitan,2019-2020,Undergraduate,Arts and Contemporary Studies,278
Metropolitan,2019-2020,Undergraduate,Bachelor of Arts,3134
Metropolitan,2019-2020,Undergraduate,Bachelor of Engineering,3224
Metropolitan,2019-2020,Undergraduate,Bachelor of Science,730
Metropolitan,2019-2020,Undergraduate,Biomedical Sciences,478
Metropolitan,2019-2020,Undergraduate,Bus. Mgt. Part-Time,*
Metropolitan,2019-2020,Undergraduate,Business Management,5014
Metropolitan,2019-2020,Undergraduate,Business Tech Mgt CAAT,29
Metropolitan,2019-2020,Undergraduate,Business Tech. Mgt. PT,33
Metropolitan,2019-2020,Undergraduate,Business Technology Mgt.,1141
Metropolitan,2019-2020,Undergraduate,BusinessTech Mgt CAAT PT,*
Metropolitan,2019-2020,Undergraduate,Child and Youth Care,531
Metropolitan,2019-2020,Undergraduate,Child and Youth Care PT,0
Metropolitan,2019-2020,Undergraduate,Coll. Nursing Centennial,599
Metropolitan,2019-2020,Undergraduate,Coll. Nursing George Brown,681
Metropolitan,2019-2020,Undergraduate,Collaborative Nursing Ryerson,733
Metropolitan,2019-2020,Undergraduate,Computer Science,1175
Metropolitan,2019-2020,Undergraduate,Computer Science Part-Time,46
Metropolitan,2019-2020,Undergraduate,Creative Industries,557
Metropolitan,2019-2020,Undergraduate,Criminology,*
Metropolitan,2019-2020,Undergraduate,Disability Studies Part-time,*
Metropolitan,2019-2020,Undergraduate,Early Childhood Studies,682
Metropolitan,2019-2020,Undergraduate,Early Childhood Studies CTPT,*
Metropolitan,2019-2020,Undergraduate,Fashion Communication,274
Metropolitan,2019-2020,Undergraduate,Fashion Design,228
Metropolitan,2019-2020,Undergraduate,Financial Mathematics,130
Metropolitan,2019-2020,Undergraduate,Graphic Communications Mgt.,652
Metropolitan,2019-2020,Undergraduate,Health Administration PT,0
Metropolitan,2019-2020,Undergraduate,Health Services Management PT,*
Metropolitan,2019-2020,Undergraduate,Hospitality & Tourism Mgt.,615
Metropolitan,2019-2020,Undergraduate,Image Arts-Film Studies,325
Metropolitan,2019-2020,Undergraduate,Image Arts-Photography Studies,245
Metropolitan,2019-2020,Undergraduate,Interior Design,260
Metropolitan,2019-2020,Undergraduate,Intern'l Economics & Finance,303
Metropolitan,2019-2020,Undergraduate,Journalism,421
Metropolitan,2019-2020,Undergraduate,Math and Its Applications,122
Metropolitan,2019-2020,Undergraduate,Media Production,590
Metropolitan,2019-2020,Undergraduate,Midwifery,50
Metropolitan,2019-2020,Undergraduate,Midwifery Part-time,23
Metropolitan,2019-2020,Undergraduate,Nursing Deg Completion PT,85
Metropolitan,2019-2020,Undergraduate,Nursing Degree Completion,138
Metropolitan,2019-2020,Undergraduate,Nutrition and Food,289
Metropolitan,2019-2020,Undergraduate,Occ & Pub Hlth for Grads - OHS,45
Metropolitan,2019-2020,Undergraduate,Occ & Pub Hlth for Grads - PHS,121
Metropolitan,2019-2020,Undergraduate,Occ & Public Health-OHS,119
Metropolitan,2019-2020,Undergraduate,Occ. & Public Health-PHS,136
Metropolitan,2019-2020,Undergraduate,Occupational Health and Safety,66
Metropolitan,2019-2020,Undergraduate,Performance Acting,82
Metropolitan,2019-2020,Undergraduate,Performance Dance,124
Metropolitan,2019-2020,Undergraduate,Performance Production,190
Metropolitan,2019-2020,Undergraduate,Politics and Governance,0
Metropolitan,2019-2020,Undergraduate,Post Baccalaureate Midwifery,*
Metropolitan,2019-2020,Undergraduate,Professional Communication,383
Metropolitan,2019-2020,Undergraduate,Public Admin and Governance,*
Metropolitan,2019-2020,Undergraduate,Public Health,79
Metropolitan,2019-2020,Undergraduate,RT Sport Media,273
Metropolitan,2019-2020,Undergraduate,RTA New Media,261
Metropolitan,2019-2020,Undergraduate,Retail Management,345
Metropolitan,2019-2020,Undergraduate,Ryerson ESL Foundation Program,0
Metropolitan,2019-2020,Undergraduate,Social Work,748
Metropolitan,2019-2020,Undergraduate,Social Work Part-time,38
Metropolitan,2019-2020,Undergraduate,Urban & Regional Plan DC,*
Metropolitan,2019-2020,Undergraduate,Urban & Regional Plan PB,36
Metropolitan,2019-2020,Undergraduate,Urban & Regional Planning,396
Metropolitan,2019-2020,Graduate,Dietetics PMDip FT,24
Metropolitan,2019-2020,Graduate,Digital Media MDM,36
Metropolitan,2019-2020,Graduate,Engr Innov & Entreprnshp P/T,*
Metropolitan,2019-2020,Graduate,Engr Innovation & Entreprnshp,88
Metropolitan,2019-2020,Graduate,Envir. App.Sci.& Mgt.,52
Metropolitan,2019-2020,Graduate,MA Child and Youth Care,18
Metropolitan,2019-2020,Graduate,MA Communication & Culture,38
Metropolitan,2019-2020,Graduate,MA Criminology & Social Justce,25
Metropolitan,2019-2020,Graduate,MA Early Childhood Studies,25
Metropolitan,2019-2020,Graduate,MA Fashion,34
Metropolitan,2019-2020,Graduate,MA Film Photo Preserv Coll Mgt,36
Metropolitan,2019-2020,Graduate,MA Immigration & Settlement,40
Metropolitan,2019-2020,Graduate,MA Int'l Economics & Finance,21
Metropolitan,2019-2020,Graduate,MA Literatures of Modernity,22
Metropolitan,2019-2020,Graduate,MA Media Production,23
Metropolitan,2019-2020,Graduate,MA Philosophy,26
Metropolitan,2019-2020,Graduate,MA Psychology,33
Metropolitan,2019-2020,Graduate,MA Public Policy & Admin,39
Metropolitan,2019-2020,Graduate,MASC Aerospace Engineering,0
Metropolitan,2019-2020,Graduate,MASc Aerospace Engineering,29
Metropolitan,2019-2020,Graduate,MASc Biomedical Engineering,24
Metropolitan,2019-2020,Graduate,MASc Building Science,16
Metropolitan,2019-2020,Graduate,MASc Chemical Engineering,10
Metropolitan,2019-2020,Graduate,MASc Civil Engineering,27
Metropolitan,2019-2020,Graduate,MASc Computer Networks,*
Metropolitan,2019-2020,Graduate,MASc Electrical & Computer Eng,36
Metropolitan,2019-2020,Graduate,MASc Mech and Industrial Engr,24
Metropolitan,2019-2020,Graduate,MBA Business Administration,43
Metropolitan,2019-2020,Graduate,MBA Business Administration PT,30
Metropolitan,2019-2020,Graduate,MBA Mgmt Technol and Innov PT,47
Metropolitan,2019-2020,Graduate,MBA Mgmt of Technol and Innov,37
Metropolitan,2019-2020,Graduate,MBSc Building Science,16
Metropolitan,2019-2020,Graduate,MENG Aerospace Engineering,74
Metropolitan,2019-2020,Graduate,MEng Aerospace Eng PT,*
Metropolitan,2019-2020,Graduate,MEng Biomedical Engineering,16
Metropolitan,2019-2020,Graduate,MEng Chemical Engineering,*
Metropolitan,2019-2020,Graduate,MEng Chemical Engineering PT,*
Metropolitan,2019-2020,Graduate,MEng Civil Engineering,56
Metropolitan,2019-2020,Graduate,MEng Civil Engineering PT,*
Metropolitan,2019-2020,Graduate,MEng Computer Networks,73
Metropolitan,2019-2020,Graduate,MEng Computer Networks PT,*
Metropolitan,2019-2020,Graduate,MEng Elec. & Computer Eng,42
Metropolitan,2019-2020,Graduate,MEng Mech and Industrial Engr,31
Metropolitan,2019-2020,Graduate,MEng Mechanical Eng PT,*
Metropolitan,2019-2020,Graduate,MFA Documentary Media,41
Metropolitan,2019-2020,Graduate,MHSc Nutrition Communication,51
Metropolitan,2019-2020,Graduate,MN Nursing Full-Time,89
Metropolitan,2019-2020,Graduate,MN Nursing Part-Time,31
Metropolitan,2019-2020,Graduate,MPC Prof Communication,27
Metropolitan,2019-2020,Graduate,MPL Urban Development,68
Metropolitan,2019-2020,Graduate,MSA Spatial Analysis,27
Metropolitan,2019-2020,Graduate,MSc Applied Mathematics,25
Metropolitan,2019-2020,Graduate,MSc Biomedical Physics,28
Metropolitan,2019-2020,Graduate,MSc Data Science and Analytics,36
Metropolitan,2019-2020,Graduate,MSc Molecular Science,47
Metropolitan,2019-2020,Graduate,Master of Architecture,55
Metropolitan,2019-2020,Graduate,Master of Hlth Admin-Comm Care,53
Metropolitan,2019-2020,Graduate,Master of Journalism,45
Metropolitan,2019-2020,Graduate,Master of Science Computer Sci,35
Metropolitan,2019-2020,Graduate,Master of Science in Mngmnt,63
Metropolitan,2019-2020,Graduate,Master of Social Work,40
Metropolitan,2019-2020,Graduate,PhD  Economics,18
Metropolitan,2019-2020,Graduate,PhD - Computer Science,41
Metropolitan,2019-2020,Graduate,PhD Aerospace Engineering,27
Metropolitan,2019-2020,Graduate,PhD Biomedical Engineering,16
Metropolitan,2019-2020,Graduate,PhD Building Science,*
Metropolitan,2019-2020,Graduate,PhD Chemical Engineering,16
Metropolitan,2019-2020,Graduate,PhD Civil Engineering,49
Metropolitan,2019-2020,Graduate,PhD Communication & Culture,46
Metropolitan,2019-2020,Graduate,PhD Elec & Computer Eng,47
Metropolitan,2019-2020,Graduate,PhD Math Modelling & Methods,15
Metropolitan,2019-2020,Graduate,PhD Mech and Industrial Engr,64
Metropolitan,2019-2020,Graduate,PhD Molecular Science,23
Metropolitan,2019-2020,Graduate,PhD Policy Studies,44
Metropolitan,2019-2020,Graduate,PhD Psychology,68
Metropolitan,2019-2020,Graduate,Phd Biomedical Physics,27
Metropolitan,2019-2020,Graduate,Phd Envir.App.Sci and Mgt,35
Metropolitan,2019-2020,Graduate,Primary Hlth Care Nurs Prac,12
Metropolitan,2020-2021,Undergraduate,Accounting and Finance,1268
Metropolitan,2020-2021,Undergraduate,Architectural Science,293
Metropolitan,2020-2021,Undergraduate,Arts and Contemporary Studies,277
Metropolitan,2020-2021,Undergraduate,Bachelor of Arts,3375
Metropolitan,2020-2021,Undergraduate,Bachelor of Engineering,3359
Metropolitan,2020-2021,Undergraduate,Bachelor of Science,820
Metropolitan,2020-2021,Undergraduate,Biomedical Sciences,568
Metropolitan,2020-2021,Undergraduate,Bus. Mgt. Part-Time,*
Metropolitan,2020-2021,Undergraduate,Business Management,5438
Metropolitan,2020-2021,Undergraduate,Business Tech Mgt CAAT,42
Metropolitan,2020-2021,Undergraduate,Business Tech. Mgt. PT,67
Metropolitan,2020-2021,Undergraduate,Business Technology Mgt.,1646
Metropolitan,2020-2021,Undergraduate,BusinessTech Mgt CAAT PT,*
Metropolitan,2020-2021,Undergraduate,Child and Youth Care,703
Metropolitan,2020-2021,Undergraduate,Child and Youth Care PT,*
Metropolitan,2020-2021,Undergraduate,Coll. Nursing Centennial,636
Metropolitan,2020-2021,Undergraduate,Coll. Nursing George Brown,704
Metropolitan,2020-2021,Undergraduate,Collaborative Nursing Ryerson,752
Metropolitan,2020-2021,Undergraduate,Computer Science,1283
Metropolitan,2020-2021,Undergraduate,Computer Science Part-Time,44
Metropolitan,2020-2021,Undergraduate,Creative Industries,592
Metropolitan,2020-2021,Undergraduate,Criminology,*
Metropolitan,2020-2021,Undergraduate,Disability Studies Part-time,0
Metropolitan,2020-2021,Undergraduate,Early Childhood Studies,632
Metropolitan,2020-2021,Undergraduate,Early Childhood Studies CTPT,*
Metropolitan,2020-2021,Undergraduate,Fashion,182
Metropolitan,2020-2021,Undergraduate,Fashion Communication,200
Metropolitan,2020-2021,Undergraduate,Fashion Design,167
Metropolitan,2020-2021,Undergraduate,Financial Mathematics,132
Metropolitan,2020-2021,Undergraduate,Graphic Communications Mgt.,656
Metropolitan,2020-2021,Undergraduate,Health Administration PT,*
Metropolitan,2020-2021,Undergraduate,Hospitality & Tourism Mgt.,609
Metropolitan,2020-2021,Undergraduate,Image Arts-Film Studies,313
Metropolitan,2020-2021,Undergraduate,Image Arts-Photography Studies,240
Metropolitan,2020-2021,Undergraduate,Interior Design,309
Metropolitan,2020-2021,Undergraduate,Intern'l Economics & Finance,340
Metropolitan,2020-2021,Undergraduate,Journalism,420
Metropolitan,2020-2021,Undergraduate,Juris Doctor - Law,168
Metropolitan,2020-2021,Undergraduate,Math and Its Applications,148
Metropolitan,2020-2021,Undergraduate,Media Production,608
Metropolitan,2020-2021,Undergraduate,Midwifery,61
Metropolitan,2020-2021,Undergraduate,Midwifery Part-time,20
Metropolitan,2020-2021,Undergraduate,Nursing Deg Completion PT,122
Metropolitan,2020-2021,Undergraduate,Nursing Degree Completion,165
Metropolitan,2020-2021,Undergraduate,Nutrition and Food,312
Metropolitan,2020-2021,Undergraduate,Occ & Pub Hlth for Grads - OHS,24
Metropolitan,2020-2021,Undergraduate,Occ & Pub Hlth for Grads - PHS,67
Metropolitan,2020-2021,Undergraduate,Occ & Public Health-OHS,81
Metropolitan,2020-2021,Undergraduate,Occ. & Public Health-PHS,110
Metropolitan,2020-2021,Undergraduate,Occupational Health and Safety,114
Metropolitan,2020-2021,Undergraduate,Occupt'l Hlth & Safety 2 yr UG,11
Metropolitan,2020-2021,Undergraduate,Performance Acting,92
Metropolitan,2020-2021,Undergraduate,Performance Dance,121
Metropolitan,2020-2021,Undergraduate,Performance Production,182
Metropolitan,2020-2021,Undergraduate,Politics and Governance,*
Metropolitan,2020-2021,Undergraduate,Post Baccalaureate Midwifery,*
Metropolitan,2020-2021,Undergraduate,Professional Communication,421
Metropolitan,2020-2021,Undergraduate,Public Admin and Governance,15
Metropolitan,2020-2021,Undergraduate,Public Health,154
Metropolitan,2020-2021,Undergraduate,Public Health 2 yr for UGRD,42
Metropolitan,2020-2021,Undergraduate,RT Sport Media,292
Metropolitan,2020-2021,Undergraduate,RTA New Media,251
Metropolitan,2020-2021,Undergraduate,Retail Management,349
Metropolitan,2020-2021,Undergraduate,Ryerson ESL Foundation Program,0
Metropolitan,2020-2021,Undergraduate,Social Work,748
Metropolitan,2020-2021,Undergraduate,Social Work Part-time,59
Metropolitan,2020-2021,Undergraduate,Urban & Regional Plan DC,*
Metropolitan,2020-2021,Undergraduate,Urban & Regional Plan PB,40
Metropolitan,2020-2021,Undergraduate,Urban & Regional Planning,418
Metropolitan,2020-2021,Graduate,Dietetics PMDip FT,24
Metropolitan,2020-2021,Graduate,Digital Media MDM,38
Metropolitan,2020-2021,Graduate,Engr Innov & Entreprnshp P/T,0
Metropolitan,2020-2021,Graduate,Engr Innovation & Entreprnshp,87
Metropolitan,2020-2021,Graduate,Envir. App.Sci.& Mgt.,56
Metropolitan,2020-2021,Graduate,MA Child and Youth Care,18
Metropolitan,2020-2021,Graduate,MA Communication & Culture,37
Metropolitan,2020-2021,Graduate,MA Criminology & Social Justce,28
Metropolitan,2020-2021,Graduate,MA Early Childhood Studies,25
Metropolitan,2020-2021,Graduate,MA Fashion,34
Metropolitan,2020-2021,Graduate,MA Film Photo Preserv Coll Mgt,47
Metropolitan,2020-2021,Graduate,MA Immigration & Settlement,34
Metropolitan,2020-2021,Graduate,MA Int'l Economics & Finance,29
Metropolitan,2020-2021,Graduate,MA Literatures of Modernity,18
Metropolitan,2020-2021,Graduate,MA Media Production,30
Metropolitan,2020-2021,Graduate,MA Philosophy,28
Metropolitan,2020-2021,Graduate,MA Psychology,33
Metropolitan,2020-2021,Graduate,MA Public Policy & Admin,36
Metropolitan,2020-2021,Graduate,MASc Aerospace Engineering,26
Metropolitan,2020-2021,Graduate,MASc Biomedical Engineering,33
Metropolitan,2020-2021,Graduate,MASc Building Science,12
Metropolitan,2020-2021,Graduate,MASc Chemical Engineering,*
Metropolitan,2020-2021,Graduate,MASc Civil Engineering,26
Metropolitan,2020-2021,Graduate,MASc Computer Networks,10
Metropolitan,2020-2021,Graduate,MASc Electrical & Computer Eng,38
Metropolitan,2020-2021,Graduate,MASc Mech and Industrial Engr,20
Metropolitan,2020-2021,Graduate,MBA Business Administration,66
Metropolitan,2020-2021,Graduate,MBA Business Administration PT,58
Metropolitan,2020-2021,Graduate,MBA Mgmt Technol and Innov PT,33
Metropolitan,2020-2021,Graduate,MBA Mgmt of Technol and Innov,21
Metropolitan,2020-2021,Graduate,MBSc Building Science,19
Metropolitan,2020-2021,Graduate,MENG Aerospace Engineering,37
Metropolitan,2020-2021,Graduate,MEng Aerospace Eng PT,14
Metropolitan,2020-2021,Graduate,MEng Biomedical Engineering,23
Metropolitan,2020-2021,Graduate,MEng Chemical Engineering,*
Metropolitan,2020-2021,Graduate,MEng Chemical Engineering PT,*
Metropolitan,2020-2021,Graduate,MEng Civil Engineering,42
Metropolitan,2020-2021,Graduate,MEng Civil Engineering PT,*
Metropolitan,2020-2021,Graduate,MEng Computer Networks,47
Metropolitan,2020-2021,Graduate,MEng Computer Networks PT,10
Metropolitan,2020-2021,Graduate,MEng Elec. & Computer Eng,51
Metropolitan,2020-2021,Graduate,MEng Mech and Industrial Engr,27
Metropolitan,2020-2021,Graduate,MEng Mechanical Eng PT,13
Metropolitan,2020-2021,Graduate,MFA Documentary Media,43
Metropolitan,2020-2021,Graduate,MHSc Nutrition Communication,52
Metropolitan,2020-2021,Graduate,MN Nursing Full-Time,109
Metropolitan,2020-2021,Graduate,MN Nursing Part-Time,40
Metropolitan,2020-2021,Graduate,MPC Prof Communication,25
Metropolitan,2020-2021,Graduate,MPL Urban Development,68
Metropolitan,2020-2021,Graduate,MSA Spatial Analysis,25
Metropolitan,2020-2021,Graduate,MSc Applied Mathematics,29
Metropolitan,2020-2021,Graduate,MSc Data Science and Analytics,35
Metropolitan,2020-2021,Graduate,MSc Molecular Science,64
Metropolitan,2020-2021,Graduate,MSc Physics,35
Metropolitan,2020-2021,Graduate,Management PhD,*
Metropolitan,2020-2021,Graduate,Master of Architecture,52
Metropolitan,2020-2021,Graduate,Master of Hlth Admin-Comm Care,63
Metropolitan,2020-2021,Graduate,Master of Journalism,46
Metropolitan,2020-2021,Graduate,Master of Science Computer Sci,42
Metropolitan,2020-2021,Graduate,Master of Science in Mngmnt,78
Metropolitan,2020-2021,Graduate,Master of Social Work,42
Metropolitan,2020-2021,Graduate,PhD  Economics,20
Metropolitan,2020-2021,Graduate,PhD  Physics,29
Metropolitan,2020-2021,Graduate,PhD - Computer Science,49
Metropolitan,2020-2021,Graduate,PhD Aerospace Engineering,33
Metropolitan,2020-2021,Graduate,PhD Biomedical Engineering,14
Metropolitan,2020-2021,Graduate,PhD Building Science,*
Metropolitan,2020-2021,Graduate,PhD Chemical Engineering,23
Metropolitan,2020-2021,Graduate,PhD Civil Engineering,52
Metropolitan,2020-2021,Graduate,PhD Communication & Culture,44
Metropolitan,2020-2021,Graduate,PhD Elec & Computer Eng,50
Metropolitan,2020-2021,Graduate,PhD Math Modelling & Methods,20
Metropolitan,2020-2021,Graduate,PhD Mech and Industrial Engr,62
Metropolitan,2020-2021,Graduate,PhD Molecular Science,30
Metropolitan,2020-2021,Graduate,PhD Policy Studies,45
Metropolitan,2020-2021,Graduate,PhD Psychology,73
Metropolitan,2020-2021,Graduate,PhD Urban Health FT,0
Metropolitan,2020-2021,Graduate,Phd Envir.App.Sci and Mgt,34
Metropolitan,2020-2021,Graduate,Primary Hlth Care Nurs Prac,13
Metropolitan,2021-2022,Undergraduate,Accounting and Finance,1266
Metropolitan,2021-2022,Undergraduate,Architectural Science,296
Metropolitan,2021-2022,Undergraduate,Arts and Contemporary Studies,218
Metropolitan,2021-2022,Undergraduate,BFA Professional Music,48
Metropolitan,2021-2022,Undergraduate,Bachelor of Arts,3473
Metropolitan,2021-2022,Undergraduate,Bachelor of Engineering,3266
Metropolitan,2021-2022,Undergraduate,Bachelor of Science,789
Metropolitan,2021-2022,Undergraduate,Biomedical Sciences,621
Metropolitan,2021-2022,Undergraduate,Bus. Mgt. Part-Time,*
Metropolitan,2021-2022,Undergraduate,Business Management,5642
Metropolitan,2021-2022,Undergraduate,Business Tech Mgt CAAT,46
Metropolitan,2021-2022,Undergraduate,Business Tech. Mgt. PT,68
Metropolitan,2021-2022,Undergraduate,Business Technology Mgt.,1614
Metropolitan,2021-2022,Undergraduate,Child and Youth Care,653
Metropolitan,2021-2022,Undergraduate,Child and Youth Care PT,14
Metropolitan,2021-2022,Undergraduate,Coll. Nursing Centennial,678
Metropolitan,2021-2022,Undergraduate,Coll. Nursing George Brown,761
Metropolitan,2021-2022,Undergraduate,Collaborative Nursing Ryerson,785
Metropolitan,2021-2022,Undergraduate,Computer Science,1431
Metropolitan,2021-2022,Undergraduate,Computer Science Part-Time,41
Metropolitan,2021-2022,Undergraduate,Creative Industries,637
Metropolitan,2021-2022,Undergraduate,Disability Studies Part-time,*
Metropolitan,2021-2022,Undergraduate,Early Childhood Studies,666
Metropolitan,2021-2022,Undergraduate,Early Childhood Studies CTPT,*
Metropolitan,2021-2022,Undergraduate,Fashion,360
Metropolitan,2021-2022,Undergraduate,Fashion Communication,127
Metropolitan,2021-2022,Undergraduate,Fashion Design,94
Metropolitan,2021-2022,Undergraduate,Financial Mathematics,145
Metropolitan,2021-2022,Undergraduate,Graphic Communications Mgt.,658
Metropolitan,2021-2022,Undergraduate,Health Administration PT,*
Metropolitan,2021-2022,Undergraduate,Hospitality & Tourism Mgt.,494
Metropolitan,2021-2022,Undergraduate,Image Arts-Film Studies,328
Metropolitan,2021-2022,Undergraduate,Image Arts-Photography Studies,225
Metropolitan,2021-2022,Undergraduate,Interior Design,302
Metropolitan,2021-2022,Undergraduate,Intern'l Economics & Finance,349
Metropolitan,2021-2022,Undergraduate,Journalism,434
Metropolitan,2021-2022,Undergraduate,Juris Doctor - Law,314
Metropolitan,2021-2022,Undergraduate,Math and Its Applications,135
Metropolitan,2021-2022,Undergraduate,Media Production,596
Metropolitan,2021-2022,Undergraduate,Midwifery,93
Metropolitan,2021-2022,Undergraduate,Midwifery Part-time,22
Metropolitan,2021-2022,Undergraduate,Nursing Deg Completion PT,115
Metropolitan,2021-2022,Undergraduate,Nursing Degree Completion,132
Metropolitan,2021-2022,Undergraduate,Nutrition and Food,335
Metropolitan,2021-2022,Undergraduate,OHS Degree Completion Pathway,0
Metropolitan,2021-2022,Undergraduate,Occ & Pub Hlth for Grads - OHS,*
Metropolitan,2021-2022,Undergraduate,Occ & Pub Hlth for Grads - PHS,*
Metropolitan,2021-2022,Undergraduate,Occ & Public Health-OHS,59
Metropolitan,2021-2022,Undergraduate,Occ. & Public Health-PHS,45
Metropolitan,2021-2022,Undergraduate,Occupational Health and Safety,117
Metropolitan,2021-2022,Undergraduate,Occupt'l Hlth & Safety 2 yr UG,41
Metropolitan,2021-2022,Undergraduate,Performance Acting,88
Metropolitan,2021-2022,Undergraduate,Performance Dance,112
Metropolitan,2021-2022,Undergraduate,Performance Production,158
Metropolitan,2021-2022,Undergraduate,Post Baccalaureate Midwifery,*
Metropolitan,2021-2022,Undergraduate,Professional Communication,459
Metropolitan,2021-2022,Undergraduate,Public Admin and Governance,15
Metropolitan,2021-2022,Undergraduate,Public Health,206
Metropolitan,2021-2022,Undergraduate,Public Health 2 yr for UGRD,93
Metropolitan,2021-2022,Undergraduate,RT Sport Media,301
Metropolitan,2021-2022,Undergraduate,RTA New Media,239
Metropolitan,2021-2022,Undergraduate,Retail Management,319
Metropolitan,2021-2022,Undergraduate,Social Work,773
Metropolitan,2021-2022,Undergraduate,Social Work Part-time,49
Metropolitan,2021-2022,Undergraduate,Urban & Regional Plan DC,10
Metropolitan,2021-2022,Undergraduate,Urban & Regional Plan PB,37
Metropolitan,2021-2022,Undergraduate,Urban & Regional Planning,394
Metropolitan,2021-2022,Graduate,Dietetics PMDip FT,24
Metropolitan,2021-2022,Graduate,Digital Media MDM,40
Metropolitan,2021-2022,Graduate,Engr Innov & Entreprnshp P/T,*
Metropolitan,2021-2022,Graduate,Engr Innovation & Entreprnshp,78
Metropolitan,2021-2022,Graduate,Envir. App.Sci.& Mgt.,60
Metropolitan,2021-2022,Graduate,MA Child and Youth Care,24
Metropolitan,2021-2022,Graduate,MA Communication & Culture,30
Metropolitan,2021-2022,Graduate,MA Criminology & Social Justce,26
Metropolitan,2021-2022,Graduate,MA Early Childhood Studies,16
Metropolitan,2021-2022,Graduate,MA Fashion,39
Metropolitan,2021-2022,Graduate,MA Film Photo Preserv Coll Mgt,45
Metropolitan,2021-2022,Graduate,MA Immigration & Settlement,35
Metropolitan,2021-2022,Graduate,MA Int'l Economics & Finance,21
Metropolitan,2021-2022,Graduate,MA Literatures of Modernity,21
Metropolitan,2021-2022,Graduate,MA Media Production,25
Metropolitan,2021-2022,Graduate,MA Philosophy,33
Metropolitan,2021-2022,Graduate,MA Psychology,32
Metropolitan,2021-2022,Graduate,MA Public Policy & Admin,35
Metropolitan,2021-2022,Graduate,MASc Aerospace Engineering,27
Metropolitan,2021-2022,Graduate,MASc Biomedical Engineering,33
Metropolitan,2021-2022,Graduate,MASc Building Science,11
Metropolitan,2021-2022,Graduate,MASc Chemical Engineering,*
Metropolitan,2021-2022,Graduate,MASc Civil Engineering,31
Metropolitan,2021-2022,Graduate,MASc Computer Networks,11
Metropolitan,2021-2022,Graduate,MASc Electrical & Computer Eng,33
Metropolitan,2021-2022,Graduate,MASc Mech and Industrial Engr,22
Metropolitan,2021-2022,Graduate,MBA Business Administration,104
Metropolitan,2021-2022,Graduate,MBA Business Administration PT,77
Metropolitan,2021-2022,Graduate,MBA Mgmt Technol and Innov PT,*
Metropolitan,2021-2022,Graduate,MBA Mgmt of Technol and Innov,*
Metropolitan,2021-2022,Graduate,MBSc Building Science,23
Metropolitan,2021-2022,Graduate,MENG Aerospace Engineering,44
Metropolitan,2021-2022,Graduate,MEng Aerospace Eng PT,*
Metropolitan,2021-2022,Graduate,MEng Biomedical Engineering,32
Metropolitan,2021-2022,Graduate,MEng Chemical Engineering,*
Metropolitan,2021-2022,Graduate,MEng Chemical Engineering PT,*
Metropolitan,2021-2022,Graduate,MEng Civil Engineering,57
Metropolitan,2021-2022,Graduate,MEng Civil Engineering PT,*
Metropolitan,2021-2022,Graduate,MEng Computer Networks,48
Metropolitan,2021-2022,Graduate,MEng Computer Networks PT,*
Metropolitan,2021-2022,Graduate,MEng Elec. & Computer Eng,36
Metropolitan,2021-2022,Graduate,MEng Mech and Industrial Engr,23
Metropolitan,2021-2022,Graduate,MEng Mechanical Eng PT,16
Metropolitan,2021-2022,Graduate,MFA Documentary Media,41
Metropolitan,2021-2022,Graduate,MFA Scriptwriting Story Design,12
Metropolitan,2021-2022,Graduate,MHSc Nutrition Communication,57
Metropolitan,2021-2022,Graduate,MN Nursing Full-Time,77
Metropolitan,2021-2022,Graduate,MN Nursing Part-Time,24
Metropolitan,2021-2022,Graduate,MPC Prof Communication,27
Metropolitan,2021-2022,Graduate,MPL Urban Development,65
Metropolitan,2021-2022,Graduate,MSA Spatial Analysis,27
Metropolitan,2021-2022,Graduate,MSc Applied Mathematics,26
Metropolitan,2021-2022,Graduate,MSc Data Science and Analytics,35
Metropolitan,2021-2022,Graduate,MSc Molecular Science,67
Metropolitan,2021-2022,Graduate,MSc Physics,33
Metropolitan,2021-2022,Graduate,Management PhD,13
Metropolitan,2021-2022,Graduate,Master of Architecture,54
Metropolitan,2021-2022,Graduate,Master of Hlth Admin-Comm Care,62
Metropolitan,2021-2022,Graduate,Master of Journalism,41
Metropolitan,2021-2022,Graduate,Master of Science Computer Sci,51
Metropolitan,2021-2022,Graduate,Master of Science in Mngmnt,79
Metropolitan,2021-2022,Graduate,Master of Social Work,44
Metropolitan,2021-2022,Graduate,PhD  Economics,22
Metropolitan,2021-2022,Graduate,PhD  Physics,31
Metropolitan,2021-2022,Graduate,PhD - Computer Science,50
Metropolitan,2021-2022,Graduate,PhD Aerospace Engineering,29
Metropolitan,2021-2022,Graduate,PhD Biomedical Engineering,13
Metropolitan,2021-2022,Graduate,PhD Building Science,12
Metropolitan,2021-2022,Graduate,PhD Chemical Engineering,28
Metropolitan,2021-2022,Graduate,PhD Civil Engineering,56
Metropolitan,2021-2022,Graduate,PhD Communication & Culture,45
Metropolitan,2021-2022,Graduate,PhD Elec & Computer Eng,69
Metropolitan,2021-2022,Graduate,PhD Math Modelling & Methods,21
Metropolitan,2021-2022,Graduate,PhD Mech and Industrial Engr,59
Metropolitan,2021-2022,Graduate,PhD Media & Design Innovatn FT,*
Metropolitan,2021-2022,Graduate,PhD Molecular Science,31
Metropolitan,2021-2022,Graduate,PhD Policy Studies,46
Metropolitan,2021-2022,Graduate,PhD Psychology,72
Metropolitan,2021-2022,Graduate,PhD Urban Health FT,*
Metropolitan,2021-2022,Graduate,Phd Envir.App.Sci and Mgt,32
Metropolitan,2021-2022,Graduate,Primary Hlth Care Nurs Prac,11
Metropolitan,2022-2023,Undergraduate,Accounting and Finance,1249
Metropolitan,2022-2023,Undergraduate,Architectural Science,281
Metropolitan,2022-2023,Undergraduate,Arts and Contemporary Studies,175
Metropolitan,2022-2023,Undergraduate,BFA Professional Music,92
Metropolitan,2022-2023,Undergraduate,Bachelor of Arts,3482
Metropolitan,2022-2023,Undergraduate,Bachelor of Engineering,3002
Metropolitan,2022-2023,Undergraduate,Bachelor of Science,723
Metropolitan,2022-2023,Undergraduate,Biomedical Sciences,536
Metropolitan,2022-2023,Undergraduate,Bus. Mgt. Part-Time,*
Metropolitan,2022-2023,Undergraduate,Business Management,5414
Metropolitan,2022-2023,Undergraduate,Business Tech Mgt CAAT,42
Metropolitan,2022-2023,Undergraduate,Business Tech. Mgt. PT,59
Metropolitan,2022-2023,Undergraduate,Business Technology Mgt.,1702
Metropolitan,2022-2023,Undergraduate,BusinessTech Mgt CAAT PT,*
Metropolitan,2022-2023,Undergraduate,Child and Youth Care,563
Metropolitan,2022-2023,Undergraduate,Child and Youth Care PT,*
Metropolitan,2022-2023,Undergraduate,Coll. Nursing Centennial,636
Metropolitan,2022-2023,Undergraduate,Coll. Nursing George Brown,703
Metropolitan,2022-2023,Undergraduate,Collaborative Nursing Ryerson,798
Metropolitan,2022-2023,Undergraduate,Computer Science,1385
Metropolitan,2022-2023,Undergraduate,Computer Science Part-Time,52
Metropolitan,2022-2023,Undergraduate,Creative Industries,630
Metropolitan,2022-2023,Undergraduate,Disability Studies Part-time,*
Metropolitan,2022-2023,Undergraduate,Early Childhood Studies,614
Metropolitan,2022-2023,Undergraduate,Early Childhood Studies CTPT,*
Metropolitan,2022-2023,Undergraduate,Fashion,503
Metropolitan,2022-2023,Undergraduate,Fashion Communication,44
Metropolitan,2022-2023,Undergraduate,Fashion Design,34
Metropolitan,2022-2023,Undergraduate,Financial Mathematics,125
Metropolitan,2022-2023,Undergraduate,Geographic Analysis,0
Metropolitan,2022-2023,Undergraduate,Graphic Communications Mgt.,644
Metropolitan,2022-2023,Undergraduate,Health Administration PT,*
Metropolitan,2022-2023,Undergraduate,Hospitality & Tourism Mgt.,397
Metropolitan,2022-2023,Undergraduate,Image Arts-Film Studies,321
Metropolitan,2022-2023,Undergraduate,Image Arts-Photography Studies,209
Metropolitan,2022-2023,Undergraduate,Interior Design,248
Metropolitan,2022-2023,Undergraduate,Intern'l Economics & Finance,309
Metropolitan,2022-2023,Undergraduate,Journalism,408
Metropolitan,2022-2023,Undergraduate,Juris Doctor - Law,462
Metropolitan,2022-2023,Undergraduate,Math and Its Applications,125
Metropolitan,2022-2023,Undergraduate,Media Production,603
Metropolitan,2022-2023,Undergraduate,Midwifery,95
Metropolitan,2022-2023,Undergraduate,Midwifery Part-time,24
Metropolitan,2022-2023,Undergraduate,Nursing Deg Completion PT,56
Metropolitan,2022-2023,Undergraduate,Nursing Degree Completion,97
Metropolitan,2022-2023,Undergraduate,Nutrition and Food,283
Metropolitan,2022-2023,Undergraduate,OHS Degree Completion Pathway,*
Metropolitan,2022-2023,Undergraduate,Occ & Public Health-OHS,16
Metropolitan,2022-2023,Undergraduate,Occ. & Public Health-PHS,12
Metropolitan,2022-2023,Undergraduate,Occupational Health and Safety,107
Metropolitan,2022-2023,Undergraduate,Occupt'l Hlth & Safety 2 yr UG,23
Metropolitan,2022-2023,Undergraduate,Performance Acting,79
Metropolitan,2022-2023,Undergraduate,Performance Dance,97
Metropolitan,2022-2023,Undergraduate,Performance Production,149
Metropolitan,2022-2023,Undergraduate,Post Baccalaureate Midwifery,*
Metropolitan,2022-2023,Undergraduate,Professional Communication,454
Metropolitan,2022-2023,Undergraduate,Public Admin and Governance,*
Metropolitan,2022-2023,Undergraduate,Public Health,254
Metropolitan,2022-2023,Undergraduate,Public Health 2 yr for UGRD,76
Metropolitan,2022-2023,Undergraduate,RT Sport Media,294
Metropolitan,2022-2023,Undergraduate,RTA New Media,220
Metropolitan,2022-2023,Undergraduate,Retail Management,253
Metropolitan,2022-2023,Undergraduate,Ryerson Study Experience,0
Metropolitan,2022-2023,Undergraduate,Social Work,757
Metropolitan,2022-2023,Undergraduate,Social Work Part-time,65
Metropolitan,2022-2023,Undergraduate,Urban & Regional Plan DC,*
Metropolitan,2022-2023,Undergraduate,Urban & Regional Plan PB,32
Metropolitan,2022-2023,Undergraduate,Urban & Regional Planning,379
Metropolitan,2022-2023,Graduate,Dietetics PMDip FT,24
Metropolitan,2022-2023,Graduate,Digital Media MDM,73
Metropolitan,2022-2023,Graduate,Engr Innovation & Entreprnshp,69
Metropolitan,2022-2023,Graduate,Envir. App.Sci.& Mgt.,56
Metropolitan,2022-2023,Graduate,MA Child and Youth Care,24
Metropolitan,2022-2023,Graduate,MA Communication & Culture,28
Metropolitan,2022-2023,Graduate,MA Criminology & Social Justce,22
Metropolitan,2022-2023,Graduate,MA Early Childhood Studies,18
Metropolitan,2022-2023,Graduate,MA Fashion,39
Metropolitan,2022-2023,Graduate,MA Film Photo Preserv Coll Mgt,40
Metropolitan,2022-2023,Graduate,MA Immigration & Settlement,42
Metropolitan,2022-2023,Graduate,MA Int'l Economics & Finance,17
Metropolitan,2022-2023,Graduate,MA Literatures of Modernity,20
Metropolitan,2022-2023,Graduate,MA Media Production,18
Metropolitan,2022-2023,Graduate,MA Philosophy,23
Metropolitan,2022-2023,Graduate,MA Psychology,34
Metropolitan,2022-2023,Graduate,MA Public Policy & Admin,38
Metropolitan,2022-2023,Graduate,MASc Aerospace Engineering,27
Metropolitan,2022-2023,Graduate,MASc Biomedical Engineering,33
Metropolitan,2022-2023,Graduate,MASc Building Science,*
Metropolitan,2022-2023,Graduate,MASc Chemical Engineering,*
Metropolitan,2022-2023,Graduate,MASc Civil Engineering,24
Metropolitan,2022-2023,Graduate,MASc Computer Networks,11
Metropolitan,2022-2023,Graduate,MASc Electrical & Computer Eng,39
Metropolitan,2022-2023,Graduate,MASc Mech and Industrial Engr,13
Metropolitan,2022-2023,Graduate,MASc Project Mgmt Built Enviro,*
Metropolitan,2022-2023,Graduate,MBA Business Administration,91
Metropolitan,2022-2023,Graduate,MBA Business Administration PT,79
Metropolitan,2022-2023,Graduate,MBA Mgmt Technol and Innov PT,*
Metropolitan,2022-2023,Graduate,MBA Mgmt of Technol and Innov,0
Metropolitan,2022-2023,Graduate,MBSc Building Science,19
Metropolitan,2022-2023,Graduate,MENG Aerospace Engineering,46
Metropolitan,2022-2023,Graduate,MEng Aerospace Eng PT,*
Metropolitan,2022-2023,Graduate,MEng Biomedical Engineering,30
Metropolitan,2022-2023,Graduate,MEng Chemical Engineering,19
Metropolitan,2022-2023,Graduate,MEng Chemical Engineering PT,*
Metropolitan,2022-2023,Graduate,MEng Civil Engineering,43
Metropolitan,2022-2023,Graduate,MEng Civil Engineering PT,*
Metropolitan,2022-2023,Graduate,MEng Computer Networks,45
Metropolitan,2022-2023,Graduate,MEng Computer Networks PT,*
Metropolitan,2022-2023,Graduate,MEng Elec. & Computer Eng,31
Metropolitan,2022-2023,Graduate,MEng Mech and Industrial Engr,19
Metropolitan,2022-2023,Graduate,MEng Mechanical Eng PT,10
Metropolitan,2022-2023,Graduate,MFA Documentary Media,27
Metropolitan,2022-2023,Graduate,MFA Scriptwriting Story Design,28
Metropolitan,2022-2023,Graduate,MHSc Nutrition Communication,69
Metropolitan,2022-2023,Graduate,MN Nursing Full-Time,73
Metropolitan,2022-2023,Graduate,MN Nursing Part-Time,28
Metropolitan,2022-2023,Graduate,MPC Prof Communication,25
Metropolitan,2022-2023,Graduate,MPL Urban Development,49
Metropolitan,2022-2023,Graduate,MPM Proj Mgmt in Built Enviro,*
Metropolitan,2022-2023,Graduate,MSA Spatial Analysis,24
Metropolitan,2022-2023,Graduate,MSc Applied Mathematics,22
Metropolitan,2022-2023,Graduate,MSc Data Science and Analytics,37
Metropolitan,2022-2023,Graduate,MSc Molecular Science,54
Metropolitan,2022-2023,Graduate,MSc Occ and Public Health FT,12
Metropolitan,2022-2023,Graduate,MSc Physics,37
Metropolitan,2022-2023,Graduate,Management PhD,19
Metropolitan,2022-2023,Graduate,Master of Architecture,47
Metropolitan,2022-2023,Graduate,Master of Hlth Admin-Comm Care,56
Metropolitan,2022-2023,Graduate,Master of Journalism,41
Metropolitan,2022-2023,Graduate,Master of Science Computer Sci,43
Metropolitan,2022-2023,Graduate,Master of Science in Mngmnt,57
Metropolitan,2022-2023,Graduate,Master of Social Work,38
Metropolitan,2022-2023,Graduate,PhD  Economics,21
Metropolitan,2022-2023,Graduate,PhD  Physics,35
Metropolitan,2022-2023,Graduate,PhD - Computer Science,52
Metropolitan,2022-2023,Graduate,PhD Aerospace Engineering,32
Metropolitan,2022-2023,Graduate,PhD Biomedical Engineering,19
Metropolitan,2022-2023,Graduate,PhD Building Science,13
Metropolitan,2022-2023,Graduate,PhD Chemical Engineering,24
Metropolitan,2022-2023,Graduate,PhD Civil Engineering,58
Metropolitan,2022-2023,Graduate,PhD Communication & Culture,44
Metropolitan,2022-2023,Graduate,PhD Elec & Computer Eng,61
Metropolitan,2022-2023,Graduate,PhD Math Modelling & Methods,21
Metropolitan,2022-2023,Graduate,PhD Mech and Industrial Engr,55
Metropolitan,2022-2023,Graduate,PhD Media & Design Innovatn FT,12
Metropolitan,2022-2023,Graduate,PhD Molecular Science,37
Metropolitan,2022-2023,Graduate,PhD Policy Studies,46
Metropolitan,2022-2023,Graduate,PhD Psychology,68
Metropolitan,2022-2023,Graduate,PhD Urban Health FT,*
Metropolitan,2022-2023,Graduate,Phd Envir.App.Sci and Mgt,32
Metropolitan,2022-2023,Graduate,Primary Hlth Care Nurs Prac,17
